mtllib ../Materials/default.mtl
o BuiltinCapsule
v 0.000000 1.000000 0.000000
v 0.000000 1.000000 0.000000
v 0.048067 0.997592 0.009561
v 0.049009 0.997592 0.000000
v 0.000000 1.000000 0.000000
v 0.045278 0.997592 0.018755
v 0.000000 1.000000 0.000000
v 0.040749 0.997592 0.027228
v 0.000000 1.000000 0.000000
v 0.034654 0.997592 0.034654
v 0.000000 1.000000 0.000000
v 0.027228 0.997592 0.040749
v 0.000000 1.000000 0.000000
v 0.018755 0.997592 0.045278
v 0.000000 1.000000 0.000000
v 0.009561 0.997592 0.048067
v 0.000000 1.000000 0.000000
v 0.000000 0.997592 0.049009
v -0.000000 1.000000 0.000000
v -0.009561 0.997592 0.048067
v -0.000000 1.000000 0.000000
v -0.018755 0.997592 0.045278
v -0.000000 1.000000 0.000000
v -0.027228 0.997592 0.040749
v -0.000000 1.000000 0.000000
v -0.034654 0.997592 0.034654
v -0.000000 1.000000 0.000000
v -0.040749 0.997592 0.027228
v -0.000000 1.000000 0.000000
v -0.045278 0.997592 0.018755
v -0.000000 1.000000 0.000000
v -0.048067 0.997592 0.009561
v -0.000000 1.000000 0.000000
v -0.049009 0.997592 0.000000
v -0.000000 1.000000 -0.000000
v -0.048067 0.997592 -0.009561
v -0.000000 1.000000 -0.000000
v -0.045278 0.997592 -0.018755
v -0.000000 1.000000 -0.000000
v -0.040749 0.997592 -0.027228
v -0.000000 1.000000 -0.000000
v -0.034654 0.997592 -0.034654
v -0.000000 1.000000 -0.000000
v -0.027228 0.997592 -0.040749
v -0.000000 1.000000 -0.000000
v -0.018755 0.997592 -0.045278
v -0.000000 1.000000 -0.000000
v -0.009561 0.997592 -0.048067
v -0.000000 1.000000 -0.000000
v -0.000000 0.997592 -0.049009
v 0.000000 1.000000 -0.000000
v 0.009561 0.997592 -0.048067
v 0.000000 1.000000 -0.000000
v 0.018755 0.997592 -0.045278
v 0.000000 1.000000 -0.000000
v 0.027228 0.997592 -0.040749
v 0.000000 1.000000 -0.000000
v 0.034654 0.997592 -0.034654
v 0.000000 1.000000 -0.000000
v 0.040749 0.997592 -0.027228
v 0.000000 1.000000 -0.000000
v 0.045278 0.997592 -0.018755
v 0.000000 1.000000 -0.000000
v 0.048067 0.997592 -0.009561
v 0.000000 1.000000 -0.000000
v 0.049009 0.997592 -0.000000
v 0.095671 0.990393 0.019030
v 0.097545 0.990393 0.000000
v 0.090120 0.990393 0.037329
v 0.081106 0.990393 0.054193
v 0.068975 0.990393 0.068975
v 0.054193 0.990393 0.081106
v 0.037329 0.990393 0.090120
v 0.019030 0.990393 0.095671
v 0.000000 0.990393 0.097545
v -0.019030 0.990393 0.095671
v -0.037329 0.990393 0.090120
v -0.054193 0.990393 0.081106
v -0.068975 0.990393 0.068975
v -0.081106 0.990393 0.054193
v -0.090120 0.990393 0.037329
v -0.095671 0.990393 0.019030
v -0.097545 0.990393 0.000000
v -0.095671 0.990393 -0.019030
v -0.090120 0.990393 -0.037329
v -0.081106 0.990393 -0.054193
v -0.068975 0.990393 -0.068975
v -0.054193 0.990393 -0.081106
v -0.037329 0.990393 -0.090120
v -0.019030 0.990393 -0.095671
v -0.000000 0.990393 -0.097545
v 0.019030 0.990393 -0.095671
v 0.037329 0.990393 -0.090120
v 0.054193 0.990393 -0.081106
v 0.068975 0.990393 -0.068975
v 0.081106 0.990393 -0.054193
v 0.090120 0.990393 -0.037329
v 0.095671 0.990393 -0.019030
v 0.097545 0.990393 -0.000000
v 0.142353 0.978470 0.028316
v 0.145142 0.978470 0.000000
v 0.134094 0.978470 0.055544
v 0.120681 0.978470 0.080637
v 0.102631 0.978470 0.102631
v 0.080637 0.978470 0.120681
v 0.055544 0.978470 0.134094
v 0.028316 0.978470 0.142353
v 0.000000 0.978470 0.145142
v -0.028316 0.978470 0.142353
v -0.055544 0.978470 0.134094
v -0.080637 0.978470 0.120681
v -0.102631 0.978470 0.102631
v -0.120681 0.978470 0.080637
v -0.134094 0.978470 0.055544
v -0.142353 0.978470 0.028316
v -0.145142 0.978470 0.000000
v -0.142353 0.978470 -0.028316
v -0.134094 0.978470 -0.055544
v -0.120681 0.978470 -0.080637
v -0.102631 0.978470 -0.102631
v -0.080637 0.978470 -0.120681
v -0.055544 0.978470 -0.134094
v -0.028316 0.978470 -0.142353
v -0.000000 0.978470 -0.145142
v 0.028316 0.978470 -0.142353
v 0.055544 0.978470 -0.134094
v 0.080637 0.978470 -0.120681
v 0.102631 0.978470 -0.102631
v 0.120681 0.978470 -0.080637
v 0.134094 0.978470 -0.055544
v 0.142353 0.978470 -0.028316
v 0.145142 0.978470 -0.000000
v 0.187665 0.961940 0.037329
v 0.191342 0.961940 0.000000
v 0.176777 0.961940 0.073223
v 0.159095 0.961940 0.106304
v 0.135299 0.961940 0.135299
v 0.106304 0.961940 0.159095
v 0.073223 0.961940 0.176777
v 0.037329 0.961940 0.187665
v 0.000000 0.961940 0.191342
v -0.037329 0.961940 0.187665
v -0.073223 0.961940 0.176777
v -0.106304 0.961940 0.159095
v -0.135299 0.961940 0.135299
v -0.159095 0.961940 0.106304
v -0.176777 0.961940 0.073223
v -0.187665 0.961940 0.037329
v -0.191342 0.961940 0.000000
v -0.187665 0.961940 -0.037329
v -0.176777 0.961940 -0.073223
v -0.159095 0.961940 -0.106304
v -0.135299 0.961940 -0.135299
v -0.106304 0.961940 -0.159095
v -0.073223 0.961940 -0.176777
v -0.037329 0.961940 -0.187665
v -0.000000 0.961940 -0.191342
v 0.037329 0.961940 -0.187665
v 0.073223 0.961940 -0.176777
v 0.106304 0.961940 -0.159095
v 0.135299 0.961940 -0.135299
v 0.159095 0.961940 -0.106304
v 0.176777 0.961940 -0.073223
v 0.187665 0.961940 -0.037329
v 0.191342 0.961940 -0.000000
v 0.231169 0.940961 0.045982
v 0.235698 0.940961 0.000000
v 0.217757 0.940961 0.090198
v 0.195976 0.940961 0.130947
v 0.166664 0.940961 0.166664
v 0.130947 0.940961 0.195976
v 0.090198 0.940961 0.217757
v 0.045982 0.940961 0.231169
v 0.000000 0.940961 0.235698
v -0.045982 0.940961 0.231169
v -0.090198 0.940961 0.217757
v -0.130947 0.940961 0.195976
v -0.166664 0.940961 0.166664
v -0.195976 0.940961 0.130947
v -0.217757 0.940961 0.090198
v -0.231169 0.940961 0.045982
v -0.235698 0.940961 0.000000
v -0.231169 0.940961 -0.045982
v -0.217757 0.940961 -0.090198
v -0.195976 0.940961 -0.130947
v -0.166664 0.940961 -0.166664
v -0.130947 0.940961 -0.195976
v -0.090198 0.940961 -0.217757
v -0.045982 0.940961 -0.231169
v -0.000000 0.940961 -0.235698
v 0.045982 0.940961 -0.231169
v 0.090198 0.940961 -0.217757
v 0.130947 0.940961 -0.195976
v 0.166664 0.940961 -0.166664
v 0.195976 0.940961 -0.130947
v 0.217757 0.940961 -0.090198
v 0.231169 0.940961 -0.045982
v 0.235698 0.940961 -0.000000
v 0.272448 0.915735 0.054193
v 0.277785 0.915735 0.000000
v 0.256640 0.915735 0.106304
v 0.230970 0.915735 0.154329
v 0.196424 0.915735 0.196424
v 0.154329 0.915735 0.230970
v 0.106304 0.915735 0.256640
v 0.054193 0.915735 0.272448
v 0.000000 0.915735 0.277785
v -0.054193 0.915735 0.272448
v -0.106304 0.915735 0.256640
v -0.154329 0.915735 0.230970
v -0.196424 0.915735 0.196424
v -0.230970 0.915735 0.154329
v -0.256640 0.915735 0.106304
v -0.272448 0.915735 0.054193
v -0.277785 0.915735 0.000000
v -0.272448 0.915735 -0.054193
v -0.256640 0.915735 -0.106304
v -0.230970 0.915735 -0.154329
v -0.196424 0.915735 -0.196424
v -0.154329 0.915735 -0.230970
v -0.106304 0.915735 -0.256640
v -0.054193 0.915735 -0.272448
v -0.000000 0.915735 -0.277785
v 0.054193 0.915735 -0.272448
v 0.106304 0.915735 -0.256640
v 0.154329 0.915735 -0.230970
v 0.196424 0.915735 -0.196424
v 0.230970 0.915735 -0.154329
v 0.256640 0.915735 -0.106304
v 0.272448 0.915735 -0.054193
v 0.277785 0.915735 -0.000000
v 0.311102 0.886505 0.061882
v 0.317197 0.886505 0.000000
v 0.293051 0.886505 0.121386
v 0.263739 0.886505 0.176225
v 0.224292 0.886505 0.224292
v 0.176225 0.886505 0.263739
v 0.121386 0.886505 0.293051
v 0.061882 0.886505 0.311102
v 0.000000 0.886505 0.317197
v -0.061882 0.886505 0.311102
v -0.121386 0.886505 0.293051
v -0.176225 0.886505 0.263739
v -0.224292 0.886505 0.224292
v -0.263739 0.886505 0.176225
v -0.293051 0.886505 0.121386
v -0.311102 0.886505 0.061882
v -0.317197 0.886505 0.000000
v -0.311102 0.886505 -0.061882
v -0.293051 0.886505 -0.121386
v -0.263739 0.886505 -0.176225
v -0.224292 0.886505 -0.224292
v -0.176225 0.886505 -0.263739
v -0.121386 0.886505 -0.293051
v -0.061882 0.886505 -0.311102
v -0.000000 0.886505 -0.317197
v 0.061882 0.886505 -0.311102
v 0.121386 0.886505 -0.293051
v 0.176225 0.886505 -0.263739
v 0.224292 0.886505 -0.224292
v 0.263739 0.886505 -0.176225
v 0.293051 0.886505 -0.121386
v 0.311102 0.886505 -0.061882
v 0.317197 0.886505 -0.000000
v 0.346760 0.853553 0.068975
v 0.353553 0.853553 0.000000
v 0.326641 0.853553 0.135299
v 0.293969 0.853553 0.196424
v 0.250000 0.853553 0.250000
v 0.196424 0.853553 0.293969
v 0.135299 0.853553 0.326641
v 0.068975 0.853553 0.346760
v 0.000000 0.853553 0.353553
v -0.068975 0.853553 0.346760
v -0.135299 0.853553 0.326641
v -0.196424 0.853553 0.293969
v -0.250000 0.853553 0.250000
v -0.293969 0.853553 0.196424
v -0.326641 0.853553 0.135299
v -0.346760 0.853553 0.068975
v -0.353553 0.853553 0.000000
v -0.346760 0.853553 -0.068975
v -0.326641 0.853553 -0.135299
v -0.293969 0.853553 -0.196424
v -0.250000 0.853553 -0.250000
v -0.196424 0.853553 -0.293969
v -0.135299 0.853553 -0.326641
v -0.068975 0.853553 -0.346760
v -0.000000 0.853553 -0.353553
v 0.068975 0.853553 -0.346760
v 0.135299 0.853553 -0.326641
v 0.196424 0.853553 -0.293969
v 0.250000 0.853553 -0.250000
v 0.293969 0.853553 -0.196424
v 0.326641 0.853553 -0.135299
v 0.346760 0.853553 -0.068975
v 0.353553 0.853553 -0.000000
v 0.379079 0.817197 0.075403
v 0.386505 0.817197 0.000000
v 0.357084 0.817197 0.147909
v 0.321367 0.817197 0.214731
v 0.273300 0.817197 0.273300
v 0.214731 0.817197 0.321367
v 0.147909 0.817197 0.357084
v 0.075403 0.817197 0.379079
v 0.000000 0.817197 0.386505
v -0.075403 0.817197 0.379079
v -0.147909 0.817197 0.357084
v -0.214731 0.817197 0.321367
v -0.273300 0.817197 0.273300
v -0.321367 0.817197 0.214731
v -0.357084 0.817197 0.147909
v -0.379079 0.817197 0.075403
v -0.386505 0.817197 0.000000
v -0.379079 0.817197 -0.075403
v -0.357084 0.817197 -0.147909
v -0.321367 0.817197 -0.214731
v -0.273300 0.817197 -0.273300
v -0.214731 0.817197 -0.321367
v -0.147909 0.817197 -0.357084
v -0.075403 0.817197 -0.379079
v -0.000000 0.817197 -0.386505
v 0.075403 0.817197 -0.379079
v 0.147909 0.817197 -0.357084
v 0.214731 0.817197 -0.321367
v 0.273300 0.817197 -0.273300
v 0.321367 0.817197 -0.214731
v 0.357084 0.817197 -0.147909
v 0.379079 0.817197 -0.075403
v 0.386505 0.817197 -0.000000
v 0.407747 0.777785 0.081106
v 0.415735 0.777785 0.000000
v 0.384089 0.777785 0.159095
v 0.345671 0.777785 0.230970
v 0.293969 0.777785 0.293969
v 0.230970 0.777785 0.345671
v 0.159095 0.777785 0.384089
v 0.081106 0.777785 0.407747
v 0.000000 0.777785 0.415735
v -0.081106 0.777785 0.407747
v -0.159095 0.777785 0.384089
v -0.230970 0.777785 0.345671
v -0.293969 0.777785 0.293969
v -0.345671 0.777785 0.230970
v -0.384089 0.777785 0.159095
v -0.407747 0.777785 0.081106
v -0.415735 0.777785 0.000000
v -0.407747 0.777785 -0.081106
v -0.384089 0.777785 -0.159095
v -0.345671 0.777785 -0.230970
v -0.293969 0.777785 -0.293969
v -0.230970 0.777785 -0.345671
v -0.159095 0.777785 -0.384089
v -0.081106 0.777785 -0.407747
v -0.000000 0.777785 -0.415735
v 0.081106 0.777785 -0.407747
v 0.159095 0.777785 -0.384089
v 0.230970 0.777785 -0.345671
v 0.293969 0.777785 -0.293969
v 0.345671 0.777785 -0.230970
v 0.384089 0.777785 -0.159095
v 0.407747 0.777785 -0.081106
v 0.415735 0.777785 -0.000000
v 0.432488 0.735698 0.086027
v 0.440961 0.735698 0.000000
v 0.407395 0.735698 0.168748
v 0.366645 0.735698 0.244985
v 0.311806 0.735698 0.311806
v 0.244985 0.735698 0.366645
v 0.168748 0.735698 0.407395
v 0.086027 0.735698 0.432488
v 0.000000 0.735698 0.440961
v -0.086027 0.735698 0.432488
v -0.168748 0.735698 0.407395
v -0.244985 0.735698 0.366645
v -0.311806 0.735698 0.311806
v -0.366645 0.735698 0.244985
v -0.407395 0.735698 0.168748
v -0.432488 0.735698 0.086027
v -0.440961 0.735698 0.000000
v -0.432488 0.735698 -0.086027
v -0.407395 0.735698 -0.168748
v -0.366645 0.735698 -0.244985
v -0.311806 0.735698 -0.311806
v -0.244985 0.735698 -0.366645
v -0.168748 0.735698 -0.407395
v -0.086027 0.735698 -0.432488
v -0.000000 0.735698 -0.440961
v 0.086027 0.735698 -0.432488
v 0.168748 0.735698 -0.407395
v 0.244985 0.735698 -0.366645
v 0.311806 0.735698 -0.311806
v 0.366645 0.735698 -0.244985
v 0.407395 0.735698 -0.168748
v 0.432488 0.735698 -0.086027
v 0.440961 0.735698 -0.000000
v 0.453064 0.691342 0.090120
v 0.461940 0.691342 0.000000
v 0.426777 0.691342 0.176777
v 0.384089 0.691342 0.256640
v 0.326641 0.691342 0.326641
v 0.256640 0.691342 0.384089
v 0.176777 0.691342 0.426777
v 0.090120 0.691342 0.453064
v 0.000000 0.691342 0.461940
v -0.090120 0.691342 0.453064
v -0.176777 0.691342 0.426777
v -0.256640 0.691342 0.384089
v -0.326641 0.691342 0.326641
v -0.384089 0.691342 0.256640
v -0.426777 0.691342 0.176777
v -0.453064 0.691342 0.090120
v -0.461940 0.691342 0.000000
v -0.453064 0.691342 -0.090120
v -0.426777 0.691342 -0.176777
v -0.384089 0.691342 -0.256640
v -0.326641 0.691342 -0.326641
v -0.256640 0.691342 -0.384089
v -0.176777 0.691342 -0.426777
v -0.090120 0.691342 -0.453064
v -0.000000 0.691342 -0.461940
v 0.090120 0.691342 -0.453064
v 0.176777 0.691342 -0.426777
v 0.256640 0.691342 -0.384089
v 0.326641 0.691342 -0.326641
v 0.384089 0.691342 -0.256640
v 0.426777 0.691342 -0.176777
v 0.453064 0.691342 -0.090120
v 0.461940 0.691342 -0.000000
v 0.469276 0.645142 0.093345
v 0.478470 0.645142 0.000000
v 0.442049 0.645142 0.183103
v 0.397833 0.645142 0.265824
v 0.338330 0.645142 0.338330
v 0.265824 0.645142 0.397833
v 0.183103 0.645142 0.442049
v 0.093345 0.645142 0.469276
v 0.000000 0.645142 0.478470
v -0.093345 0.645142 0.469276
v -0.183103 0.645142 0.442049
v -0.265824 0.645142 0.397833
v -0.338330 0.645142 0.338330
v -0.397833 0.645142 0.265824
v -0.442049 0.645142 0.183103
v -0.469276 0.645142 0.093345
v -0.478470 0.645142 0.000000
v -0.469276 0.645142 -0.093345
v -0.442049 0.645142 -0.183103
v -0.397833 0.645142 -0.265824
v -0.338330 0.645142 -0.338330
v -0.265824 0.645142 -0.397833
v -0.183103 0.645142 -0.442049
v -0.093345 0.645142 -0.469276
v -0.000000 0.645142 -0.478470
v 0.093345 0.645142 -0.469276
v 0.183103 0.645142 -0.442049
v 0.265824 0.645142 -0.397833
v 0.338330 0.645142 -0.338330
v 0.397833 0.645142 -0.265824
v 0.442049 0.645142 -0.183103
v 0.469276 0.645142 -0.093345
v 0.478470 0.645142 -0.000000
v 0.480970 0.597545 0.095671
v 0.490393 0.597545 0.000000
v 0.453064 0.597545 0.187665
v 0.407747 0.597545 0.272448
v 0.346760 0.597545 0.346760
v 0.272448 0.597545 0.407747
v 0.187665 0.597545 0.453064
v 0.095671 0.597545 0.480970
v 0.000000 0.597545 0.490393
v -0.095671 0.597545 0.480970
v -0.187665 0.597545 0.453064
v -0.272448 0.597545 0.407747
v -0.346760 0.597545 0.346760
v -0.407747 0.597545 0.272448
v -0.453064 0.597545 0.187665
v -0.480970 0.597545 0.095671
v -0.490393 0.597545 0.000000
v -0.480970 0.597545 -0.095671
v -0.453064 0.597545 -0.187665
v -0.407747 0.597545 -0.272448
v -0.346760 0.597545 -0.346760
v -0.272448 0.597545 -0.407747
v -0.187665 0.597545 -0.453064
v -0.095671 0.597545 -0.480970
v -0.000000 0.597545 -0.490393
v 0.095671 0.597545 -0.480970
v 0.187665 0.597545 -0.453064
v 0.272448 0.597545 -0.407747
v 0.346760 0.597545 -0.346760
v 0.407747 0.597545 -0.272448
v 0.453064 0.597545 -0.187665
v 0.480970 0.597545 -0.095671
v 0.490393 0.597545 -0.000000
v 0.488031 0.549009 0.097075
v 0.497592 0.549009 0.000000
v 0.459715 0.549009 0.190420
v 0.413733 0.549009 0.276448
v 0.351851 0.549009 0.351851
v 0.276448 0.549009 0.413733
v 0.190420 0.549009 0.459715
v 0.097075 0.549009 0.488031
v 0.000000 0.549009 0.497592
v -0.097075 0.549009 0.488031
v -0.190420 0.549009 0.459715
v -0.276448 0.549009 0.413733
v -0.351851 0.549009 0.351851
v -0.413733 0.549009 0.276448
v -0.459715 0.549009 0.190420
v -0.488031 0.549009 0.097075
v -0.497592 0.549009 0.000000
v -0.488031 0.549009 -0.097075
v -0.459715 0.549009 -0.190420
v -0.413733 0.549009 -0.276448
v -0.351851 0.549009 -0.351851
v -0.276448 0.549009 -0.413733
v -0.190420 0.549009 -0.459715
v -0.097075 0.549009 -0.488031
v -0.000000 0.549009 -0.497592
v 0.097075 0.549009 -0.488031
v 0.190420 0.549009 -0.459715
v 0.276448 0.549009 -0.413733
v 0.351851 0.549009 -0.351851
v 0.413733 0.549009 -0.276448
v 0.459715 0.549009 -0.190420
v 0.488031 0.549009 -0.097075
v 0.497592 0.549009 -0.000000
v 0.490393 0.500000 0.097545
v 0.500000 0.500000 0.000000
v 0.461940 0.500000 0.191342
v 0.415735 0.500000 0.277785
v 0.353553 0.500000 0.353553
v 0.277785 0.500000 0.415735
v 0.191342 0.500000 0.461940
v 0.097545 0.500000 0.490393
v 0.000000 0.500000 0.500000
v -0.097545 0.500000 0.490393
v -0.191342 0.500000 0.461940
v -0.277785 0.500000 0.415735
v -0.353553 0.500000 0.353553
v -0.415735 0.500000 0.277785
v -0.461940 0.500000 0.191342
v -0.490393 0.500000 0.097545
v -0.500000 0.500000 0.000000
v -0.490393 0.500000 -0.097545
v -0.461940 0.500000 -0.191342
v -0.415735 0.500000 -0.277785
v -0.353553 0.500000 -0.353553
v -0.277785 0.500000 -0.415735
v -0.191342 0.500000 -0.461940
v -0.097545 0.500000 -0.490393
v -0.000000 0.500000 -0.500000
v 0.097545 0.500000 -0.490393
v 0.191342 0.500000 -0.461940
v 0.277785 0.500000 -0.415735
v 0.353553 0.500000 -0.353553
v 0.415735 0.500000 -0.277785
v 0.461940 0.500000 -0.191342
v 0.490393 0.500000 -0.097545
v 0.500000 0.500000 -0.000000
v 0.000000 -1.000000 0.000000
v 0.000000 -1.000000 0.000000
v 0.048067 -0.997592 0.009561
v 0.049009 -0.997592 0.000000
v 0.000000 -1.000000 0.000000
v 0.045278 -0.997592 0.018755
v 0.000000 -1.000000 0.000000
v 0.040749 -0.997592 0.027228
v 0.000000 -1.000000 0.000000
v 0.034654 -0.997592 0.034654
v 0.000000 -1.000000 0.000000
v 0.027228 -0.997592 0.040749
v 0.000000 -1.000000 0.000000
v 0.018755 -0.997592 0.045278
v 0.000000 -1.000000 0.000000
v 0.009561 -0.997592 0.048067
v 0.000000 -1.000000 0.000000
v 0.000000 -0.997592 0.049009
v -0.000000 -1.000000 0.000000
v -0.009561 -0.997592 0.048067
v -0.000000 -1.000000 0.000000
v -0.018755 -0.997592 0.045278
v -0.000000 -1.000000 0.000000
v -0.027228 -0.997592 0.040749
v -0.000000 -1.000000 0.000000
v -0.034654 -0.997592 0.034654
v -0.000000 -1.000000 0.000000
v -0.040749 -0.997592 0.027228
v -0.000000 -1.000000 0.000000
v -0.045278 -0.997592 0.018755
v -0.000000 -1.000000 0.000000
v -0.048067 -0.997592 0.009561
v -0.000000 -1.000000 0.000000
v -0.049009 -0.997592 0.000000
v -0.000000 -1.000000 -0.000000
v -0.048067 -0.997592 -0.009561
v -0.000000 -1.000000 -0.000000
v -0.045278 -0.997592 -0.018755
v -0.000000 -1.000000 -0.000000
v -0.040749 -0.997592 -0.027228
v -0.000000 -1.000000 -0.000000
v -0.034654 -0.997592 -0.034654
v -0.000000 -1.000000 -0.000000
v -0.027228 -0.997592 -0.040749
v -0.000000 -1.000000 -0.000000
v -0.018755 -0.997592 -0.045278
v -0.000000 -1.000000 -0.000000
v -0.009561 -0.997592 -0.048067
v -0.000000 -1.000000 -0.000000
v -0.000000 -0.997592 -0.049009
v 0.000000 -1.000000 -0.000000
v 0.009561 -0.997592 -0.048067
v 0.000000 -1.000000 -0.000000
v 0.018755 -0.997592 -0.045278
v 0.000000 -1.000000 -0.000000
v 0.027228 -0.997592 -0.040749
v 0.000000 -1.000000 -0.000000
v 0.034654 -0.997592 -0.034654
v 0.000000 -1.000000 -0.000000
v 0.040749 -0.997592 -0.027228
v 0.000000 -1.000000 -0.000000
v 0.045278 -0.997592 -0.018755
v 0.000000 -1.000000 -0.000000
v 0.048067 -0.997592 -0.009561
v 0.000000 -1.000000 -0.000000
v 0.049009 -0.997592 -0.000000
v 0.095671 -0.990393 0.019030
v 0.097545 -0.990393 0.000000
v 0.090120 -0.990393 0.037329
v 0.081106 -0.990393 0.054193
v 0.068975 -0.990393 0.068975
v 0.054193 -0.990393 0.081106
v 0.037329 -0.990393 0.090120
v 0.019030 -0.990393 0.095671
v 0.000000 -0.990393 0.097545
v -0.019030 -0.990393 0.095671
v -0.037329 -0.990393 0.090120
v -0.054193 -0.990393 0.081106
v -0.068975 -0.990393 0.068975
v -0.081106 -0.990393 0.054193
v -0.090120 -0.990393 0.037329
v -0.095671 -0.990393 0.019030
v -0.097545 -0.990393 0.000000
v -0.095671 -0.990393 -0.019030
v -0.090120 -0.990393 -0.037329
v -0.081106 -0.990393 -0.054193
v -0.068975 -0.990393 -0.068975
v -0.054193 -0.990393 -0.081106
v -0.037329 -0.990393 -0.090120
v -0.019030 -0.990393 -0.095671
v -0.000000 -0.990393 -0.097545
v 0.019030 -0.990393 -0.095671
v 0.037329 -0.990393 -0.090120
v 0.054193 -0.990393 -0.081106
v 0.068975 -0.990393 -0.068975
v 0.081106 -0.990393 -0.054193
v 0.090120 -0.990393 -0.037329
v 0.095671 -0.990393 -0.019030
v 0.097545 -0.990393 -0.000000
v 0.142353 -0.978470 0.028316
v 0.145142 -0.978470 0.000000
v 0.134094 -0.978470 0.055544
v 0.120681 -0.978470 0.080637
v 0.102631 -0.978470 0.102631
v 0.080637 -0.978470 0.120681
v 0.055544 -0.978470 0.134094
v 0.028316 -0.978470 0.142353
v 0.000000 -0.978470 0.145142
v -0.028316 -0.978470 0.142353
v -0.055544 -0.978470 0.134094
v -0.080637 -0.978470 0.120681
v -0.102631 -0.978470 0.102631
v -0.120681 -0.978470 0.080637
v -0.134094 -0.978470 0.055544
v -0.142353 -0.978470 0.028316
v -0.145142 -0.978470 0.000000
v -0.142353 -0.978470 -0.028316
v -0.134094 -0.978470 -0.055544
v -0.120681 -0.978470 -0.080637
v -0.102631 -0.978470 -0.102631
v -0.080637 -0.978470 -0.120681
v -0.055544 -0.978470 -0.134094
v -0.028316 -0.978470 -0.142353
v -0.000000 -0.978470 -0.145142
v 0.028316 -0.978470 -0.142353
v 0.055544 -0.978470 -0.134094
v 0.080637 -0.978470 -0.120681
v 0.102631 -0.978470 -0.102631
v 0.120681 -0.978470 -0.080637
v 0.134094 -0.978470 -0.055544
v 0.142353 -0.978470 -0.028316
v 0.145142 -0.978470 -0.000000
v 0.187665 -0.961940 0.037329
v 0.191342 -0.961940 0.000000
v 0.176777 -0.961940 0.073223
v 0.159095 -0.961940 0.106304
v 0.135299 -0.961940 0.135299
v 0.106304 -0.961940 0.159095
v 0.073223 -0.961940 0.176777
v 0.037329 -0.961940 0.187665
v 0.000000 -0.961940 0.191342
v -0.037329 -0.961940 0.187665
v -0.073223 -0.961940 0.176777
v -0.106304 -0.961940 0.159095
v -0.135299 -0.961940 0.135299
v -0.159095 -0.961940 0.106304
v -0.176777 -0.961940 0.073223
v -0.187665 -0.961940 0.037329
v -0.191342 -0.961940 0.000000
v -0.187665 -0.961940 -0.037329
v -0.176777 -0.961940 -0.073223
v -0.159095 -0.961940 -0.106304
v -0.135299 -0.961940 -0.135299
v -0.106304 -0.961940 -0.159095
v -0.073223 -0.961940 -0.176777
v -0.037329 -0.961940 -0.187665
v -0.000000 -0.961940 -0.191342
v 0.037329 -0.961940 -0.187665
v 0.073223 -0.961940 -0.176777
v 0.106304 -0.961940 -0.159095
v 0.135299 -0.961940 -0.135299
v 0.159095 -0.961940 -0.106304
v 0.176777 -0.961940 -0.073223
v 0.187665 -0.961940 -0.037329
v 0.191342 -0.961940 -0.000000
v 0.231169 -0.940961 0.045982
v 0.235698 -0.940961 0.000000
v 0.217757 -0.940961 0.090198
v 0.195976 -0.940961 0.130947
v 0.166664 -0.940961 0.166664
v 0.130947 -0.940961 0.195976
v 0.090198 -0.940961 0.217757
v 0.045982 -0.940961 0.231169
v 0.000000 -0.940961 0.235698
v -0.045982 -0.940961 0.231169
v -0.090198 -0.940961 0.217757
v -0.130947 -0.940961 0.195976
v -0.166664 -0.940961 0.166664
v -0.195976 -0.940961 0.130947
v -0.217757 -0.940961 0.090198
v -0.231169 -0.940961 0.045982
v -0.235698 -0.940961 0.000000
v -0.231169 -0.940961 -0.045982
v -0.217757 -0.940961 -0.090198
v -0.195976 -0.940961 -0.130947
v -0.166664 -0.940961 -0.166664
v -0.130947 -0.940961 -0.195976
v -0.090198 -0.940961 -0.217757
v -0.045982 -0.940961 -0.231169
v -0.000000 -0.940961 -0.235698
v 0.045982 -0.940961 -0.231169
v 0.090198 -0.940961 -0.217757
v 0.130947 -0.940961 -0.195976
v 0.166664 -0.940961 -0.166664
v 0.195976 -0.940961 -0.130947
v 0.217757 -0.940961 -0.090198
v 0.231169 -0.940961 -0.045982
v 0.235698 -0.940961 -0.000000
v 0.272448 -0.915735 0.054193
v 0.277785 -0.915735 0.000000
v 0.256640 -0.915735 0.106304
v 0.230970 -0.915735 0.154329
v 0.196424 -0.915735 0.196424
v 0.154329 -0.915735 0.230970
v 0.106304 -0.915735 0.256640
v 0.054193 -0.915735 0.272448
v 0.000000 -0.915735 0.277785
v -0.054193 -0.915735 0.272448
v -0.106304 -0.915735 0.256640
v -0.154329 -0.915735 0.230970
v -0.196424 -0.915735 0.196424
v -0.230970 -0.915735 0.154329
v -0.256640 -0.915735 0.106304
v -0.272448 -0.915735 0.054193
v -0.277785 -0.915735 0.000000
v -0.272448 -0.915735 -0.054193
v -0.256640 -0.915735 -0.106304
v -0.230970 -0.915735 -0.154329
v -0.196424 -0.915735 -0.196424
v -0.154329 -0.915735 -0.230970
v -0.106304 -0.915735 -0.256640
v -0.054193 -0.915735 -0.272448
v -0.000000 -0.915735 -0.277785
v 0.054193 -0.915735 -0.272448
v 0.106304 -0.915735 -0.256640
v 0.154329 -0.915735 -0.230970
v 0.196424 -0.915735 -0.196424
v 0.230970 -0.915735 -0.154329
v 0.256640 -0.915735 -0.106304
v 0.272448 -0.915735 -0.054193
v 0.277785 -0.915735 -0.000000
v 0.311102 -0.886505 0.061882
v 0.317197 -0.886505 0.000000
v 0.293051 -0.886505 0.121386
v 0.263739 -0.886505 0.176225
v 0.224292 -0.886505 0.224292
v 0.176225 -0.886505 0.263739
v 0.121386 -0.886505 0.293051
v 0.061882 -0.886505 0.311102
v 0.000000 -0.886505 0.317197
v -0.061882 -0.886505 0.311102
v -0.121386 -0.886505 0.293051
v -0.176225 -0.886505 0.263739
v -0.224292 -0.886505 0.224292
v -0.263739 -0.886505 0.176225
v -0.293051 -0.886505 0.121386
v -0.311102 -0.886505 0.061882
v -0.317197 -0.886505 0.000000
v -0.311102 -0.886505 -0.061882
v -0.293051 -0.886505 -0.121386
v -0.263739 -0.886505 -0.176225
v -0.224292 -0.886505 -0.224292
v -0.176225 -0.886505 -0.263739
v -0.121386 -0.886505 -0.293051
v -0.061882 -0.886505 -0.311102
v -0.000000 -0.886505 -0.317197
v 0.061882 -0.886505 -0.311102
v 0.121386 -0.886505 -0.293051
v 0.176225 -0.886505 -0.263739
v 0.224292 -0.886505 -0.224292
v 0.263739 -0.886505 -0.176225
v 0.293051 -0.886505 -0.121386
v 0.311102 -0.886505 -0.061882
v 0.317197 -0.886505 -0.000000
v 0.346760 -0.853553 0.068975
v 0.353553 -0.853553 0.000000
v 0.326641 -0.853553 0.135299
v 0.293969 -0.853553 0.196424
v 0.250000 -0.853553 0.250000
v 0.196424 -0.853553 0.293969
v 0.135299 -0.853553 0.326641
v 0.068975 -0.853553 0.346760
v 0.000000 -0.853553 0.353553
v -0.068975 -0.853553 0.346760
v -0.135299 -0.853553 0.326641
v -0.196424 -0.853553 0.293969
v -0.250000 -0.853553 0.250000
v -0.293969 -0.853553 0.196424
v -0.326641 -0.853553 0.135299
v -0.346760 -0.853553 0.068975
v -0.353553 -0.853553 0.000000
v -0.346760 -0.853553 -0.068975
v -0.326641 -0.853553 -0.135299
v -0.293969 -0.853553 -0.196424
v -0.250000 -0.853553 -0.250000
v -0.196424 -0.853553 -0.293969
v -0.135299 -0.853553 -0.326641
v -0.068975 -0.853553 -0.346760
v -0.000000 -0.853553 -0.353553
v 0.068975 -0.853553 -0.346760
v 0.135299 -0.853553 -0.326641
v 0.196424 -0.853553 -0.293969
v 0.250000 -0.853553 -0.250000
v 0.293969 -0.853553 -0.196424
v 0.326641 -0.853553 -0.135299
v 0.346760 -0.853553 -0.068975
v 0.353553 -0.853553 -0.000000
v 0.379079 -0.817197 0.075403
v 0.386505 -0.817197 0.000000
v 0.357084 -0.817197 0.147909
v 0.321367 -0.817197 0.214731
v 0.273300 -0.817197 0.273300
v 0.214731 -0.817197 0.321367
v 0.147909 -0.817197 0.357084
v 0.075403 -0.817197 0.379079
v 0.000000 -0.817197 0.386505
v -0.075403 -0.817197 0.379079
v -0.147909 -0.817197 0.357084
v -0.214731 -0.817197 0.321367
v -0.273300 -0.817197 0.273300
v -0.321367 -0.817197 0.214731
v -0.357084 -0.817197 0.147909
v -0.379079 -0.817197 0.075403
v -0.386505 -0.817197 0.000000
v -0.379079 -0.817197 -0.075403
v -0.357084 -0.817197 -0.147909
v -0.321367 -0.817197 -0.214731
v -0.273300 -0.817197 -0.273300
v -0.214731 -0.817197 -0.321367
v -0.147909 -0.817197 -0.357084
v -0.075403 -0.817197 -0.379079
v -0.000000 -0.817197 -0.386505
v 0.075403 -0.817197 -0.379079
v 0.147909 -0.817197 -0.357084
v 0.214731 -0.817197 -0.321367
v 0.273300 -0.817197 -0.273300
v 0.321367 -0.817197 -0.214731
v 0.357084 -0.817197 -0.147909
v 0.379079 -0.817197 -0.075403
v 0.386505 -0.817197 -0.000000
v 0.407747 -0.777785 0.081106
v 0.415735 -0.777785 0.000000
v 0.384089 -0.777785 0.159095
v 0.345671 -0.777785 0.230970
v 0.293969 -0.777785 0.293969
v 0.230970 -0.777785 0.345671
v 0.159095 -0.777785 0.384089
v 0.081106 -0.777785 0.407747
v 0.000000 -0.777785 0.415735
v -0.081106 -0.777785 0.407747
v -0.159095 -0.777785 0.384089
v -0.230970 -0.777785 0.345671
v -0.293969 -0.777785 0.293969
v -0.345671 -0.777785 0.230970
v -0.384089 -0.777785 0.159095
v -0.407747 -0.777785 0.081106
v -0.415735 -0.777785 0.000000
v -0.407747 -0.777785 -0.081106
v -0.384089 -0.777785 -0.159095
v -0.345671 -0.777785 -0.230970
v -0.293969 -0.777785 -0.293969
v -0.230970 -0.777785 -0.345671
v -0.159095 -0.777785 -0.384089
v -0.081106 -0.777785 -0.407747
v -0.000000 -0.777785 -0.415735
v 0.081106 -0.777785 -0.407747
v 0.159095 -0.777785 -0.384089
v 0.230970 -0.777785 -0.345671
v 0.293969 -0.777785 -0.293969
v 0.345671 -0.777785 -0.230970
v 0.384089 -0.777785 -0.159095
v 0.407747 -0.777785 -0.081106
v 0.415735 -0.777785 -0.000000
v 0.432488 -0.735698 0.086027
v 0.440961 -0.735698 0.000000
v 0.407395 -0.735698 0.168748
v 0.366645 -0.735698 0.244985
v 0.311806 -0.735698 0.311806
v 0.244985 -0.735698 0.366645
v 0.168748 -0.735698 0.407395
v 0.086027 -0.735698 0.432488
v 0.000000 -0.735698 0.440961
v -0.086027 -0.735698 0.432488
v -0.168748 -0.735698 0.407395
v -0.244985 -0.735698 0.366645
v -0.311806 -0.735698 0.311806
v -0.366645 -0.735698 0.244985
v -0.407395 -0.735698 0.168748
v -0.432488 -0.735698 0.086027
v -0.440961 -0.735698 0.000000
v -0.432488 -0.735698 -0.086027
v -0.407395 -0.735698 -0.168748
v -0.366645 -0.735698 -0.244985
v -0.311806 -0.735698 -0.311806
v -0.244985 -0.735698 -0.366645
v -0.168748 -0.735698 -0.407395
v -0.086027 -0.735698 -0.432488
v -0.000000 -0.735698 -0.440961
v 0.086027 -0.735698 -0.432488
v 0.168748 -0.735698 -0.407395
v 0.244985 -0.735698 -0.366645
v 0.311806 -0.735698 -0.311806
v 0.366645 -0.735698 -0.244985
v 0.407395 -0.735698 -0.168748
v 0.432488 -0.735698 -0.086027
v 0.440961 -0.735698 -0.000000
v 0.453064 -0.691342 0.090120
v 0.461940 -0.691342 0.000000
v 0.426777 -0.691342 0.176777
v 0.384089 -0.691342 0.256640
v 0.326641 -0.691342 0.326641
v 0.256640 -0.691342 0.384089
v 0.176777 -0.691342 0.426777
v 0.090120 -0.691342 0.453064
v 0.000000 -0.691342 0.461940
v -0.090120 -0.691342 0.453064
v -0.176777 -0.691342 0.426777
v -0.256640 -0.691342 0.384089
v -0.326641 -0.691342 0.326641
v -0.384089 -0.691342 0.256640
v -0.426777 -0.691342 0.176777
v -0.453064 -0.691342 0.090120
v -0.461940 -0.691342 0.000000
v -0.453064 -0.691342 -0.090120
v -0.426777 -0.691342 -0.176777
v -0.384089 -0.691342 -0.256640
v -0.326641 -0.691342 -0.326641
v -0.256640 -0.691342 -0.384089
v -0.176777 -0.691342 -0.426777
v -0.090120 -0.691342 -0.453064
v -0.000000 -0.691342 -0.461940
v 0.090120 -0.691342 -0.453064
v 0.176777 -0.691342 -0.426777
v 0.256640 -0.691342 -0.384089
v 0.326641 -0.691342 -0.326641
v 0.384089 -0.691342 -0.256640
v 0.426777 -0.691342 -0.176777
v 0.453064 -0.691342 -0.090120
v 0.461940 -0.691342 -0.000000
v 0.469276 -0.645142 0.093345
v 0.478470 -0.645142 0.000000
v 0.442049 -0.645142 0.183103
v 0.397833 -0.645142 0.265824
v 0.338330 -0.645142 0.338330
v 0.265824 -0.645142 0.397833
v 0.183103 -0.645142 0.442049
v 0.093345 -0.645142 0.469276
v 0.000000 -0.645142 0.478470
v -0.093345 -0.645142 0.469276
v -0.183103 -0.645142 0.442049
v -0.265824 -0.645142 0.397833
v -0.338330 -0.645142 0.338330
v -0.397833 -0.645142 0.265824
v -0.442049 -0.645142 0.183103
v -0.469276 -0.645142 0.093345
v -0.478470 -0.645142 0.000000
v -0.469276 -0.645142 -0.093345
v -0.442049 -0.645142 -0.183103
v -0.397833 -0.645142 -0.265824
v -0.338330 -0.645142 -0.338330
v -0.265824 -0.645142 -0.397833
v -0.183103 -0.645142 -0.442049
v -0.093345 -0.645142 -0.469276
v -0.000000 -0.645142 -0.478470
v 0.093345 -0.645142 -0.469276
v 0.183103 -0.645142 -0.442049
v 0.265824 -0.645142 -0.397833
v 0.338330 -0.645142 -0.338330
v 0.397833 -0.645142 -0.265824
v 0.442049 -0.645142 -0.183103
v 0.469276 -0.645142 -0.093345
v 0.478470 -0.645142 -0.000000
v 0.480970 -0.597545 0.095671
v 0.490393 -0.597545 0.000000
v 0.453064 -0.597545 0.187665
v 0.407747 -0.597545 0.272448
v 0.346760 -0.597545 0.346760
v 0.272448 -0.597545 0.407747
v 0.187665 -0.597545 0.453064
v 0.095671 -0.597545 0.480970
v 0.000000 -0.597545 0.490393
v -0.095671 -0.597545 0.480970
v -0.187665 -0.597545 0.453064
v -0.272448 -0.597545 0.407747
v -0.346760 -0.597545 0.346760
v -0.407747 -0.597545 0.272448
v -0.453064 -0.597545 0.187665
v -0.480970 -0.597545 0.095671
v -0.490393 -0.597545 0.000000
v -0.480970 -0.597545 -0.095671
v -0.453064 -0.597545 -0.187665
v -0.407747 -0.597545 -0.272448
v -0.346760 -0.597545 -0.346760
v -0.272448 -0.597545 -0.407747
v -0.187665 -0.597545 -0.453064
v -0.095671 -0.597545 -0.480970
v -0.000000 -0.597545 -0.490393
v 0.095671 -0.597545 -0.480970
v 0.187665 -0.597545 -0.453064
v 0.272448 -0.597545 -0.407747
v 0.346760 -0.597545 -0.346760
v 0.407747 -0.597545 -0.272448
v 0.453064 -0.597545 -0.187665
v 0.480970 -0.597545 -0.095671
v 0.490393 -0.597545 -0.000000
v 0.488031 -0.549009 0.097075
v 0.497592 -0.549009 0.000000
v 0.459715 -0.549009 0.190420
v 0.413733 -0.549009 0.276448
v 0.351851 -0.549009 0.351851
v 0.276448 -0.549009 0.413733
v 0.190420 -0.549009 0.459715
v 0.097075 -0.549009 0.488031
v 0.000000 -0.549009 0.497592
v -0.097075 -0.549009 0.488031
v -0.190420 -0.549009 0.459715
v -0.276448 -0.549009 0.413733
v -0.351851 -0.549009 0.351851
v -0.413733 -0.549009 0.276448
v -0.459715 -0.549009 0.190420
v -0.488031 -0.549009 0.097075
v -0.497592 -0.549009 0.000000
v -0.488031 -0.549009 -0.097075
v -0.459715 -0.549009 -0.190420
v -0.413733 -0.549009 -0.276448
v -0.351851 -0.549009 -0.351851
v -0.276448 -0.549009 -0.413733
v -0.190420 -0.549009 -0.459715
v -0.097075 -0.549009 -0.488031
v -0.000000 -0.549009 -0.497592
v 0.097075 -0.549009 -0.488031
v 0.190420 -0.549009 -0.459715
v 0.276448 -0.549009 -0.413733
v 0.351851 -0.549009 -0.351851
v 0.413733 -0.549009 -0.276448
v 0.459715 -0.549009 -0.190420
v 0.488031 -0.549009 -0.097075
v 0.497592 -0.549009 -0.000000
v 0.490393 -0.500000 0.097545
v 0.500000 -0.500000 0.000000
v 0.461940 -0.500000 0.191342
v 0.415735 -0.500000 0.277785
v 0.353553 -0.500000 0.353553
v 0.277785 -0.500000 0.415735
v 0.191342 -0.500000 0.461940
v 0.097545 -0.500000 0.490393
v 0.000000 -0.500000 0.500000
v -0.097545 -0.500000 0.490393
v -0.191342 -0.500000 0.461940
v -0.277785 -0.500000 0.415735
v -0.353553 -0.500000 0.353553
v -0.415735 -0.500000 0.277785
v -0.461940 -0.500000 0.191342
v -0.490393 -0.500000 0.097545
v -0.500000 -0.500000 0.000000
v -0.490393 -0.500000 -0.097545
v -0.461940 -0.500000 -0.191342
v -0.415735 -0.500000 -0.277785
v -0.353553 -0.500000 -0.353553
v -0.277785 -0.500000 -0.415735
v -0.191342 -0.500000 -0.461940
v -0.097545 -0.500000 -0.490393
v -0.000000 -0.500000 -0.500000
v 0.097545 -0.500000 -0.490393
v 0.191342 -0.500000 -0.461940
v 0.277785 -0.500000 -0.415735
v 0.353553 -0.500000 -0.353553
v 0.415735 -0.500000 -0.277785
v 0.461940 -0.500000 -0.191342
v 0.490393 -0.500000 -0.097545
v 0.500000 -0.500000 -0.000000
v 0.500000 0.500000 0.000000
v 0.490393 0.500000 0.097545
v 0.490393 -0.500000 0.097545
v 0.500000 -0.500000 0.000000
v 0.490393 0.500000 0.097545
v 0.461940 0.500000 0.191342
v 0.461940 -0.500000 0.191342
v 0.490393 -0.500000 0.097545
v 0.461940 0.500000 0.191342
v 0.415735 0.500000 0.277785
v 0.415735 -0.500000 0.277785
v 0.461940 -0.500000 0.191342
v 0.415735 0.500000 0.277785
v 0.353553 0.500000 0.353553
v 0.353553 -0.500000 0.353553
v 0.415735 -0.500000 0.277785
v 0.353553 0.500000 0.353553
v 0.277785 0.500000 0.415735
v 0.277785 -0.500000 0.415735
v 0.353553 -0.500000 0.353553
v 0.277785 0.500000 0.415735
v 0.191342 0.500000 0.461940
v 0.191342 -0.500000 0.461940
v 0.277785 -0.500000 0.415735
v 0.191342 0.500000 0.461940
v 0.097545 0.500000 0.490393
v 0.097545 -0.500000 0.490393
v 0.191342 -0.500000 0.461940
v 0.097545 0.500000 0.490393
v 0.000000 0.500000 0.500000
v 0.000000 -0.500000 0.500000
v 0.097545 -0.500000 0.490393
v 0.000000 0.500000 0.500000
v -0.097545 0.500000 0.490393
v -0.097545 -0.500000 0.490393
v 0.000000 -0.500000 0.500000
v -0.097545 0.500000 0.490393
v -0.191342 0.500000 0.461940
v -0.191342 -0.500000 0.461940
v -0.097545 -0.500000 0.490393
v -0.191342 0.500000 0.461940
v -0.277785 0.500000 0.415735
v -0.277785 -0.500000 0.415735
v -0.191342 -0.500000 0.461940
v -0.277785 0.500000 0.415735
v -0.353553 0.500000 0.353553
v -0.353553 -0.500000 0.353553
v -0.277785 -0.500000 0.415735
v -0.353553 0.500000 0.353553
v -0.415735 0.500000 0.277785
v -0.415735 -0.500000 0.277785
v -0.353553 -0.500000 0.353553
v -0.415735 0.500000 0.277785
v -0.461940 0.500000 0.191342
v -0.461940 -0.500000 0.191342
v -0.415735 -0.500000 0.277785
v -0.461940 0.500000 0.191342
v -0.490393 0.500000 0.097545
v -0.490393 -0.500000 0.097545
v -0.461940 -0.500000 0.191342
v -0.490393 0.500000 0.097545
v -0.500000 0.500000 0.000000
v -0.500000 -0.500000 0.000000
v -0.490393 -0.500000 0.097545
v -0.500000 0.500000 0.000000
v -0.490393 0.500000 -0.097545
v -0.490393 -0.500000 -0.097545
v -0.500000 -0.500000 0.000000
v -0.490393 0.500000 -0.097545
v -0.461940 0.500000 -0.191342
v -0.461940 -0.500000 -0.191342
v -0.490393 -0.500000 -0.097545
v -0.461940 0.500000 -0.191342
v -0.415735 0.500000 -0.277785
v -0.415735 -0.500000 -0.277785
v -0.461940 -0.500000 -0.191342
v -0.415735 0.500000 -0.277785
v -0.353553 0.500000 -0.353553
v -0.353553 -0.500000 -0.353553
v -0.415735 -0.500000 -0.277785
v -0.353553 0.500000 -0.353553
v -0.277785 0.500000 -0.415735
v -0.277785 -0.500000 -0.415735
v -0.353553 -0.500000 -0.353553
v -0.277785 0.500000 -0.415735
v -0.191342 0.500000 -0.461940
v -0.191342 -0.500000 -0.461940
v -0.277785 -0.500000 -0.415735
v -0.191342 0.500000 -0.461940
v -0.097545 0.500000 -0.490393
v -0.097545 -0.500000 -0.490393
v -0.191342 -0.500000 -0.461940
v -0.097545 0.500000 -0.490393
v -0.000000 0.500000 -0.500000
v -0.000000 -0.500000 -0.500000
v -0.097545 -0.500000 -0.490393
v -0.000000 0.500000 -0.500000
v 0.097545 0.500000 -0.490393
v 0.097545 -0.500000 -0.490393
v -0.000000 -0.500000 -0.500000
v 0.097545 0.500000 -0.490393
v 0.191342 0.500000 -0.461940
v 0.191342 -0.500000 -0.461940
v 0.097545 -0.500000 -0.490393
v 0.191342 0.500000 -0.461940
v 0.277785 0.500000 -0.415735
v 0.277785 -0.500000 -0.415735
v 0.191342 -0.500000 -0.461940
v 0.277785 0.500000 -0.415735
v 0.353553 0.500000 -0.353553
v 0.353553 -0.500000 -0.353553
v 0.277785 -0.500000 -0.415735
v 0.353553 0.500000 -0.353553
v 0.415735 0.500000 -0.277785
v 0.415735 -0.500000 -0.277785
v 0.353553 -0.500000 -0.353553
v 0.415735 0.500000 -0.277785
v 0.461940 0.500000 -0.191342
v 0.461940 -0.500000 -0.191342
v 0.415735 -0.500000 -0.277785
v 0.461940 0.500000 -0.191342
v 0.490393 0.500000 -0.097545
v 0.490393 -0.500000 -0.097545
v 0.461940 -0.500000 -0.191342
v 0.490393 0.500000 -0.097545
v 0.500000 0.500000 -0.000000
v 0.500000 -0.500000 -0.000000
v 0.490393 -0.500000 -0.097545
vt 0.000000 1.000000
vt 0.031250 1.000000
vt 0.031250 0.968750
vt 0.000000 0.968750
vt 0.062500 1.000000
vt 0.062500 0.968750
vt 0.093750 1.000000
vt 0.093750 0.968750
vt 0.125000 1.000000
vt 0.125000 0.968750
vt 0.156250 1.000000
vt 0.156250 0.968750
vt 0.187500 1.000000
vt 0.187500 0.968750
vt 0.218750 1.000000
vt 0.218750 0.968750
vt 0.250000 1.000000
vt 0.250000 0.968750
vt 0.281250 1.000000
vt 0.281250 0.968750
vt 0.312500 1.000000
vt 0.312500 0.968750
vt 0.343750 1.000000
vt 0.343750 0.968750
vt 0.375000 1.000000
vt 0.375000 0.968750
vt 0.406250 1.000000
vt 0.406250 0.968750
vt 0.437500 1.000000
vt 0.437500 0.968750
vt 0.468750 1.000000
vt 0.468750 0.968750
vt 0.500000 1.000000
vt 0.500000 0.968750
vt 0.531250 1.000000
vt 0.531250 0.968750
vt 0.562500 1.000000
vt 0.562500 0.968750
vt 0.593750 1.000000
vt 0.593750 0.968750
vt 0.625000 1.000000
vt 0.625000 0.968750
vt 0.656250 1.000000
vt 0.656250 0.968750
vt 0.687500 1.000000
vt 0.687500 0.968750
vt 0.718750 1.000000
vt 0.718750 0.968750
vt 0.750000 1.000000
vt 0.750000 0.968750
vt 0.781250 1.000000
vt 0.781250 0.968750
vt 0.812500 1.000000
vt 0.812500 0.968750
vt 0.843750 1.000000
vt 0.843750 0.968750
vt 0.875000 1.000000
vt 0.875000 0.968750
vt 0.906250 1.000000
vt 0.906250 0.968750
vt 0.937500 1.000000
vt 0.937500 0.968750
vt 0.968750 1.000000
vt 0.968750 0.968750
vt 1.000000 1.000000
vt 1.000000 0.968750
vt 0.031250 0.937500
vt 0.000000 0.937500
vt 0.062500 0.937500
vt 0.093750 0.937500
vt 0.125000 0.937500
vt 0.156250 0.937500
vt 0.187500 0.937500
vt 0.218750 0.937500
vt 0.250000 0.937500
vt 0.281250 0.937500
vt 0.312500 0.937500
vt 0.343750 0.937500
vt 0.375000 0.937500
vt 0.406250 0.937500
vt 0.437500 0.937500
vt 0.468750 0.937500
vt 0.500000 0.937500
vt 0.531250 0.937500
vt 0.562500 0.937500
vt 0.593750 0.937500
vt 0.625000 0.937500
vt 0.656250 0.937500
vt 0.687500 0.937500
vt 0.718750 0.937500
vt 0.750000 0.937500
vt 0.781250 0.937500
vt 0.812500 0.937500
vt 0.843750 0.937500
vt 0.875000 0.937500
vt 0.906250 0.937500
vt 0.937500 0.937500
vt 0.968750 0.937500
vt 1.000000 0.937500
vt 0.031250 0.906250
vt 0.000000 0.906250
vt 0.062500 0.906250
vt 0.093750 0.906250
vt 0.125000 0.906250
vt 0.156250 0.906250
vt 0.187500 0.906250
vt 0.218750 0.906250
vt 0.250000 0.906250
vt 0.281250 0.906250
vt 0.312500 0.906250
vt 0.343750 0.906250
vt 0.375000 0.906250
vt 0.406250 0.906250
vt 0.437500 0.906250
vt 0.468750 0.906250
vt 0.500000 0.906250
vt 0.531250 0.906250
vt 0.562500 0.906250
vt 0.593750 0.906250
vt 0.625000 0.906250
vt 0.656250 0.906250
vt 0.687500 0.906250
vt 0.718750 0.906250
vt 0.750000 0.906250
vt 0.781250 0.906250
vt 0.812500 0.906250
vt 0.843750 0.906250
vt 0.875000 0.906250
vt 0.906250 0.906250
vt 0.937500 0.906250
vt 0.968750 0.906250
vt 1.000000 0.906250
vt 0.031250 0.875000
vt 0.000000 0.875000
vt 0.062500 0.875000
vt 0.093750 0.875000
vt 0.125000 0.875000
vt 0.156250 0.875000
vt 0.187500 0.875000
vt 0.218750 0.875000
vt 0.250000 0.875000
vt 0.281250 0.875000
vt 0.312500 0.875000
vt 0.343750 0.875000
vt 0.375000 0.875000
vt 0.406250 0.875000
vt 0.437500 0.875000
vt 0.468750 0.875000
vt 0.500000 0.875000
vt 0.531250 0.875000
vt 0.562500 0.875000
vt 0.593750 0.875000
vt 0.625000 0.875000
vt 0.656250 0.875000
vt 0.687500 0.875000
vt 0.718750 0.875000
vt 0.750000 0.875000
vt 0.781250 0.875000
vt 0.812500 0.875000
vt 0.843750 0.875000
vt 0.875000 0.875000
vt 0.906250 0.875000
vt 0.937500 0.875000
vt 0.968750 0.875000
vt 1.000000 0.875000
vt 0.031250 0.843750
vt 0.000000 0.843750
vt 0.062500 0.843750
vt 0.093750 0.843750
vt 0.125000 0.843750
vt 0.156250 0.843750
vt 0.187500 0.843750
vt 0.218750 0.843750
vt 0.250000 0.843750
vt 0.281250 0.843750
vt 0.312500 0.843750
vt 0.343750 0.843750
vt 0.375000 0.843750
vt 0.406250 0.843750
vt 0.437500 0.843750
vt 0.468750 0.843750
vt 0.500000 0.843750
vt 0.531250 0.843750
vt 0.562500 0.843750
vt 0.593750 0.843750
vt 0.625000 0.843750
vt 0.656250 0.843750
vt 0.687500 0.843750
vt 0.718750 0.843750
vt 0.750000 0.843750
vt 0.781250 0.843750
vt 0.812500 0.843750
vt 0.843750 0.843750
vt 0.875000 0.843750
vt 0.906250 0.843750
vt 0.937500 0.843750
vt 0.968750 0.843750
vt 1.000000 0.843750
vt 0.031250 0.812500
vt 0.000000 0.812500
vt 0.062500 0.812500
vt 0.093750 0.812500
vt 0.125000 0.812500
vt 0.156250 0.812500
vt 0.187500 0.812500
vt 0.218750 0.812500
vt 0.250000 0.812500
vt 0.281250 0.812500
vt 0.312500 0.812500
vt 0.343750 0.812500
vt 0.375000 0.812500
vt 0.406250 0.812500
vt 0.437500 0.812500
vt 0.468750 0.812500
vt 0.500000 0.812500
vt 0.531250 0.812500
vt 0.562500 0.812500
vt 0.593750 0.812500
vt 0.625000 0.812500
vt 0.656250 0.812500
vt 0.687500 0.812500
vt 0.718750 0.812500
vt 0.750000 0.812500
vt 0.781250 0.812500
vt 0.812500 0.812500
vt 0.843750 0.812500
vt 0.875000 0.812500
vt 0.906250 0.812500
vt 0.937500 0.812500
vt 0.968750 0.812500
vt 1.000000 0.812500
vt 0.031250 0.781250
vt 0.000000 0.781250
vt 0.062500 0.781250
vt 0.093750 0.781250
vt 0.125000 0.781250
vt 0.156250 0.781250
vt 0.187500 0.781250
vt 0.218750 0.781250
vt 0.250000 0.781250
vt 0.281250 0.781250
vt 0.312500 0.781250
vt 0.343750 0.781250
vt 0.375000 0.781250
vt 0.406250 0.781250
vt 0.437500 0.781250
vt 0.468750 0.781250
vt 0.500000 0.781250
vt 0.531250 0.781250
vt 0.562500 0.781250
vt 0.593750 0.781250
vt 0.625000 0.781250
vt 0.656250 0.781250
vt 0.687500 0.781250
vt 0.718750 0.781250
vt 0.750000 0.781250
vt 0.781250 0.781250
vt 0.812500 0.781250
vt 0.843750 0.781250
vt 0.875000 0.781250
vt 0.906250 0.781250
vt 0.937500 0.781250
vt 0.968750 0.781250
vt 1.000000 0.781250
vt 0.031250 0.750000
vt 0.000000 0.750000
vt 0.062500 0.750000
vt 0.093750 0.750000
vt 0.125000 0.750000
vt 0.156250 0.750000
vt 0.187500 0.750000
vt 0.218750 0.750000
vt 0.250000 0.750000
vt 0.281250 0.750000
vt 0.312500 0.750000
vt 0.343750 0.750000
vt 0.375000 0.750000
vt 0.406250 0.750000
vt 0.437500 0.750000
vt 0.468750 0.750000
vt 0.500000 0.750000
vt 0.531250 0.750000
vt 0.562500 0.750000
vt 0.593750 0.750000
vt 0.625000 0.750000
vt 0.656250 0.750000
vt 0.687500 0.750000
vt 0.718750 0.750000
vt 0.750000 0.750000
vt 0.781250 0.750000
vt 0.812500 0.750000
vt 0.843750 0.750000
vt 0.875000 0.750000
vt 0.906250 0.750000
vt 0.937500 0.750000
vt 0.968750 0.750000
vt 1.000000 0.750000
vt 0.031250 0.718750
vt 0.000000 0.718750
vt 0.062500 0.718750
vt 0.093750 0.718750
vt 0.125000 0.718750
vt 0.156250 0.718750
vt 0.187500 0.718750
vt 0.218750 0.718750
vt 0.250000 0.718750
vt 0.281250 0.718750
vt 0.312500 0.718750
vt 0.343750 0.718750
vt 0.375000 0.718750
vt 0.406250 0.718750
vt 0.437500 0.718750
vt 0.468750 0.718750
vt 0.500000 0.718750
vt 0.531250 0.718750
vt 0.562500 0.718750
vt 0.593750 0.718750
vt 0.625000 0.718750
vt 0.656250 0.718750
vt 0.687500 0.718750
vt 0.718750 0.718750
vt 0.750000 0.718750
vt 0.781250 0.718750
vt 0.812500 0.718750
vt 0.843750 0.718750
vt 0.875000 0.718750
vt 0.906250 0.718750
vt 0.937500 0.718750
vt 0.968750 0.718750
vt 1.000000 0.718750
vt 0.031250 0.687500
vt 0.000000 0.687500
vt 0.062500 0.687500
vt 0.093750 0.687500
vt 0.125000 0.687500
vt 0.156250 0.687500
vt 0.187500 0.687500
vt 0.218750 0.687500
vt 0.250000 0.687500
vt 0.281250 0.687500
vt 0.312500 0.687500
vt 0.343750 0.687500
vt 0.375000 0.687500
vt 0.406250 0.687500
vt 0.437500 0.687500
vt 0.468750 0.687500
vt 0.500000 0.687500
vt 0.531250 0.687500
vt 0.562500 0.687500
vt 0.593750 0.687500
vt 0.625000 0.687500
vt 0.656250 0.687500
vt 0.687500 0.687500
vt 0.718750 0.687500
vt 0.750000 0.687500
vt 0.781250 0.687500
vt 0.812500 0.687500
vt 0.843750 0.687500
vt 0.875000 0.687500
vt 0.906250 0.687500
vt 0.937500 0.687500
vt 0.968750 0.687500
vt 1.000000 0.687500
vt 0.031250 0.656250
vt 0.000000 0.656250
vt 0.062500 0.656250
vt 0.093750 0.656250
vt 0.125000 0.656250
vt 0.156250 0.656250
vt 0.187500 0.656250
vt 0.218750 0.656250
vt 0.250000 0.656250
vt 0.281250 0.656250
vt 0.312500 0.656250
vt 0.343750 0.656250
vt 0.375000 0.656250
vt 0.406250 0.656250
vt 0.437500 0.656250
vt 0.468750 0.656250
vt 0.500000 0.656250
vt 0.531250 0.656250
vt 0.562500 0.656250
vt 0.593750 0.656250
vt 0.625000 0.656250
vt 0.656250 0.656250
vt 0.687500 0.656250
vt 0.718750 0.656250
vt 0.750000 0.656250
vt 0.781250 0.656250
vt 0.812500 0.656250
vt 0.843750 0.656250
vt 0.875000 0.656250
vt 0.906250 0.656250
vt 0.937500 0.656250
vt 0.968750 0.656250
vt 1.000000 0.656250
vt 0.031250 0.625000
vt 0.000000 0.625000
vt 0.062500 0.625000
vt 0.093750 0.625000
vt 0.125000 0.625000
vt 0.156250 0.625000
vt 0.187500 0.625000
vt 0.218750 0.625000
vt 0.250000 0.625000
vt 0.281250 0.625000
vt 0.312500 0.625000
vt 0.343750 0.625000
vt 0.375000 0.625000
vt 0.406250 0.625000
vt 0.437500 0.625000
vt 0.468750 0.625000
vt 0.500000 0.625000
vt 0.531250 0.625000
vt 0.562500 0.625000
vt 0.593750 0.625000
vt 0.625000 0.625000
vt 0.656250 0.625000
vt 0.687500 0.625000
vt 0.718750 0.625000
vt 0.750000 0.625000
vt 0.781250 0.625000
vt 0.812500 0.625000
vt 0.843750 0.625000
vt 0.875000 0.625000
vt 0.906250 0.625000
vt 0.937500 0.625000
vt 0.968750 0.625000
vt 1.000000 0.625000
vt 0.031250 0.593750
vt 0.000000 0.593750
vt 0.062500 0.593750
vt 0.093750 0.593750
vt 0.125000 0.593750
vt 0.156250 0.593750
vt 0.187500 0.593750
vt 0.218750 0.593750
vt 0.250000 0.593750
vt 0.281250 0.593750
vt 0.312500 0.593750
vt 0.343750 0.593750
vt 0.375000 0.593750
vt 0.406250 0.593750
vt 0.437500 0.593750
vt 0.468750 0.593750
vt 0.500000 0.593750
vt 0.531250 0.593750
vt 0.562500 0.593750
vt 0.593750 0.593750
vt 0.625000 0.593750
vt 0.656250 0.593750
vt 0.687500 0.593750
vt 0.718750 0.593750
vt 0.750000 0.593750
vt 0.781250 0.593750
vt 0.812500 0.593750
vt 0.843750 0.593750
vt 0.875000 0.593750
vt 0.906250 0.593750
vt 0.937500 0.593750
vt 0.968750 0.593750
vt 1.000000 0.593750
vt 0.031250 0.562500
vt 0.000000 0.562500
vt 0.062500 0.562500
vt 0.093750 0.562500
vt 0.125000 0.562500
vt 0.156250 0.562500
vt 0.187500 0.562500
vt 0.218750 0.562500
vt 0.250000 0.562500
vt 0.281250 0.562500
vt 0.312500 0.562500
vt 0.343750 0.562500
vt 0.375000 0.562500
vt 0.406250 0.562500
vt 0.437500 0.562500
vt 0.468750 0.562500
vt 0.500000 0.562500
vt 0.531250 0.562500
vt 0.562500 0.562500
vt 0.593750 0.562500
vt 0.625000 0.562500
vt 0.656250 0.562500
vt 0.687500 0.562500
vt 0.718750 0.562500
vt 0.750000 0.562500
vt 0.781250 0.562500
vt 0.812500 0.562500
vt 0.843750 0.562500
vt 0.875000 0.562500
vt 0.906250 0.562500
vt 0.937500 0.562500
vt 0.968750 0.562500
vt 1.000000 0.562500
vt 0.031250 0.531250
vt 0.000000 0.531250
vt 0.062500 0.531250
vt 0.093750 0.531250
vt 0.125000 0.531250
vt 0.156250 0.531250
vt 0.187500 0.531250
vt 0.218750 0.531250
vt 0.250000 0.531250
vt 0.281250 0.531250
vt 0.312500 0.531250
vt 0.343750 0.531250
vt 0.375000 0.531250
vt 0.406250 0.531250
vt 0.437500 0.531250
vt 0.468750 0.531250
vt 0.500000 0.531250
vt 0.531250 0.531250
vt 0.562500 0.531250
vt 0.593750 0.531250
vt 0.625000 0.531250
vt 0.656250 0.531250
vt 0.687500 0.531250
vt 0.718750 0.531250
vt 0.750000 0.531250
vt 0.781250 0.531250
vt 0.812500 0.531250
vt 0.843750 0.531250
vt 0.875000 0.531250
vt 0.906250 0.531250
vt 0.937500 0.531250
vt 0.968750 0.531250
vt 1.000000 0.531250
vt 0.031250 0.500000
vt 0.000000 0.500000
vt 0.062500 0.500000
vt 0.093750 0.500000
vt 0.125000 0.500000
vt 0.156250 0.500000
vt 0.187500 0.500000
vt 0.218750 0.500000
vt 0.250000 0.500000
vt 0.281250 0.500000
vt 0.312500 0.500000
vt 0.343750 0.500000
vt 0.375000 0.500000
vt 0.406250 0.500000
vt 0.437500 0.500000
vt 0.468750 0.500000
vt 0.500000 0.500000
vt 0.531250 0.500000
vt 0.562500 0.500000
vt 0.593750 0.500000
vt 0.625000 0.500000
vt 0.656250 0.500000
vt 0.687500 0.500000
vt 0.718750 0.500000
vt 0.750000 0.500000
vt 0.781250 0.500000
vt 0.812500 0.500000
vt 0.843750 0.500000
vt 0.875000 0.500000
vt 0.906250 0.500000
vt 0.937500 0.500000
vt 0.968750 0.500000
vt 1.000000 0.500000
vt 0.000000 0.000000
vt 0.031250 0.000000
vt 0.031250 0.031250
vt 0.000000 0.031250
vt 0.062500 0.000000
vt 0.062500 0.031250
vt 0.093750 0.000000
vt 0.093750 0.031250
vt 0.125000 0.000000
vt 0.125000 0.031250
vt 0.156250 0.000000
vt 0.156250 0.031250
vt 0.187500 0.000000
vt 0.187500 0.031250
vt 0.218750 0.000000
vt 0.218750 0.031250
vt 0.250000 0.000000
vt 0.250000 0.031250
vt 0.281250 0.000000
vt 0.281250 0.031250
vt 0.312500 0.000000
vt 0.312500 0.031250
vt 0.343750 0.000000
vt 0.343750 0.031250
vt 0.375000 0.000000
vt 0.375000 0.031250
vt 0.406250 0.000000
vt 0.406250 0.031250
vt 0.437500 0.000000
vt 0.437500 0.031250
vt 0.468750 0.000000
vt 0.468750 0.031250
vt 0.500000 0.000000
vt 0.500000 0.031250
vt 0.531250 0.000000
vt 0.531250 0.031250
vt 0.562500 0.000000
vt 0.562500 0.031250
vt 0.593750 0.000000
vt 0.593750 0.031250
vt 0.625000 0.000000
vt 0.625000 0.031250
vt 0.656250 0.000000
vt 0.656250 0.031250
vt 0.687500 0.000000
vt 0.687500 0.031250
vt 0.718750 0.000000
vt 0.718750 0.031250
vt 0.750000 0.000000
vt 0.750000 0.031250
vt 0.781250 0.000000
vt 0.781250 0.031250
vt 0.812500 0.000000
vt 0.812500 0.031250
vt 0.843750 0.000000
vt 0.843750 0.031250
vt 0.875000 0.000000
vt 0.875000 0.031250
vt 0.906250 0.000000
vt 0.906250 0.031250
vt 0.937500 0.000000
vt 0.937500 0.031250
vt 0.968750 0.000000
vt 0.968750 0.031250
vt 1.000000 0.000000
vt 1.000000 0.031250
vt 0.031250 0.062500
vt 0.000000 0.062500
vt 0.062500 0.062500
vt 0.093750 0.062500
vt 0.125000 0.062500
vt 0.156250 0.062500
vt 0.187500 0.062500
vt 0.218750 0.062500
vt 0.250000 0.062500
vt 0.281250 0.062500
vt 0.312500 0.062500
vt 0.343750 0.062500
vt 0.375000 0.062500
vt 0.406250 0.062500
vt 0.437500 0.062500
vt 0.468750 0.062500
vt 0.500000 0.062500
vt 0.531250 0.062500
vt 0.562500 0.062500
vt 0.593750 0.062500
vt 0.625000 0.062500
vt 0.656250 0.062500
vt 0.687500 0.062500
vt 0.718750 0.062500
vt 0.750000 0.062500
vt 0.781250 0.062500
vt 0.812500 0.062500
vt 0.843750 0.062500
vt 0.875000 0.062500
vt 0.906250 0.062500
vt 0.937500 0.062500
vt 0.968750 0.062500
vt 1.000000 0.062500
vt 0.031250 0.093750
vt 0.000000 0.093750
vt 0.062500 0.093750
vt 0.093750 0.093750
vt 0.125000 0.093750
vt 0.156250 0.093750
vt 0.187500 0.093750
vt 0.218750 0.093750
vt 0.250000 0.093750
vt 0.281250 0.093750
vt 0.312500 0.093750
vt 0.343750 0.093750
vt 0.375000 0.093750
vt 0.406250 0.093750
vt 0.437500 0.093750
vt 0.468750 0.093750
vt 0.500000 0.093750
vt 0.531250 0.093750
vt 0.562500 0.093750
vt 0.593750 0.093750
vt 0.625000 0.093750
vt 0.656250 0.093750
vt 0.687500 0.093750
vt 0.718750 0.093750
vt 0.750000 0.093750
vt 0.781250 0.093750
vt 0.812500 0.093750
vt 0.843750 0.093750
vt 0.875000 0.093750
vt 0.906250 0.093750
vt 0.937500 0.093750
vt 0.968750 0.093750
vt 1.000000 0.093750
vt 0.031250 0.125000
vt 0.000000 0.125000
vt 0.062500 0.125000
vt 0.093750 0.125000
vt 0.125000 0.125000
vt 0.156250 0.125000
vt 0.187500 0.125000
vt 0.218750 0.125000
vt 0.250000 0.125000
vt 0.281250 0.125000
vt 0.312500 0.125000
vt 0.343750 0.125000
vt 0.375000 0.125000
vt 0.406250 0.125000
vt 0.437500 0.125000
vt 0.468750 0.125000
vt 0.500000 0.125000
vt 0.531250 0.125000
vt 0.562500 0.125000
vt 0.593750 0.125000
vt 0.625000 0.125000
vt 0.656250 0.125000
vt 0.687500 0.125000
vt 0.718750 0.125000
vt 0.750000 0.125000
vt 0.781250 0.125000
vt 0.812500 0.125000
vt 0.843750 0.125000
vt 0.875000 0.125000
vt 0.906250 0.125000
vt 0.937500 0.125000
vt 0.968750 0.125000
vt 1.000000 0.125000
vt 0.031250 0.156250
vt 0.000000 0.156250
vt 0.062500 0.156250
vt 0.093750 0.156250
vt 0.125000 0.156250
vt 0.156250 0.156250
vt 0.187500 0.156250
vt 0.218750 0.156250
vt 0.250000 0.156250
vt 0.281250 0.156250
vt 0.312500 0.156250
vt 0.343750 0.156250
vt 0.375000 0.156250
vt 0.406250 0.156250
vt 0.437500 0.156250
vt 0.468750 0.156250
vt 0.500000 0.156250
vt 0.531250 0.156250
vt 0.562500 0.156250
vt 0.593750 0.156250
vt 0.625000 0.156250
vt 0.656250 0.156250
vt 0.687500 0.156250
vt 0.718750 0.156250
vt 0.750000 0.156250
vt 0.781250 0.156250
vt 0.812500 0.156250
vt 0.843750 0.156250
vt 0.875000 0.156250
vt 0.906250 0.156250
vt 0.937500 0.156250
vt 0.968750 0.156250
vt 1.000000 0.156250
vt 0.031250 0.187500
vt 0.000000 0.187500
vt 0.062500 0.187500
vt 0.093750 0.187500
vt 0.125000 0.187500
vt 0.156250 0.187500
vt 0.187500 0.187500
vt 0.218750 0.187500
vt 0.250000 0.187500
vt 0.281250 0.187500
vt 0.312500 0.187500
vt 0.343750 0.187500
vt 0.375000 0.187500
vt 0.406250 0.187500
vt 0.437500 0.187500
vt 0.468750 0.187500
vt 0.500000 0.187500
vt 0.531250 0.187500
vt 0.562500 0.187500
vt 0.593750 0.187500
vt 0.625000 0.187500
vt 0.656250 0.187500
vt 0.687500 0.187500
vt 0.718750 0.187500
vt 0.750000 0.187500
vt 0.781250 0.187500
vt 0.812500 0.187500
vt 0.843750 0.187500
vt 0.875000 0.187500
vt 0.906250 0.187500
vt 0.937500 0.187500
vt 0.968750 0.187500
vt 1.000000 0.187500
vt 0.031250 0.218750
vt 0.000000 0.218750
vt 0.062500 0.218750
vt 0.093750 0.218750
vt 0.125000 0.218750
vt 0.156250 0.218750
vt 0.187500 0.218750
vt 0.218750 0.218750
vt 0.250000 0.218750
vt 0.281250 0.218750
vt 0.312500 0.218750
vt 0.343750 0.218750
vt 0.375000 0.218750
vt 0.406250 0.218750
vt 0.437500 0.218750
vt 0.468750 0.218750
vt 0.500000 0.218750
vt 0.531250 0.218750
vt 0.562500 0.218750
vt 0.593750 0.218750
vt 0.625000 0.218750
vt 0.656250 0.218750
vt 0.687500 0.218750
vt 0.718750 0.218750
vt 0.750000 0.218750
vt 0.781250 0.218750
vt 0.812500 0.218750
vt 0.843750 0.218750
vt 0.875000 0.218750
vt 0.906250 0.218750
vt 0.937500 0.218750
vt 0.968750 0.218750
vt 1.000000 0.218750
vt 0.031250 0.250000
vt 0.000000 0.250000
vt 0.062500 0.250000
vt 0.093750 0.250000
vt 0.125000 0.250000
vt 0.156250 0.250000
vt 0.187500 0.250000
vt 0.218750 0.250000
vt 0.250000 0.250000
vt 0.281250 0.250000
vt 0.312500 0.250000
vt 0.343750 0.250000
vt 0.375000 0.250000
vt 0.406250 0.250000
vt 0.437500 0.250000
vt 0.468750 0.250000
vt 0.500000 0.250000
vt 0.531250 0.250000
vt 0.562500 0.250000
vt 0.593750 0.250000
vt 0.625000 0.250000
vt 0.656250 0.250000
vt 0.687500 0.250000
vt 0.718750 0.250000
vt 0.750000 0.250000
vt 0.781250 0.250000
vt 0.812500 0.250000
vt 0.843750 0.250000
vt 0.875000 0.250000
vt 0.906250 0.250000
vt 0.937500 0.250000
vt 0.968750 0.250000
vt 1.000000 0.250000
vt 0.031250 0.281250
vt 0.000000 0.281250
vt 0.062500 0.281250
vt 0.093750 0.281250
vt 0.125000 0.281250
vt 0.156250 0.281250
vt 0.187500 0.281250
vt 0.218750 0.281250
vt 0.250000 0.281250
vt 0.281250 0.281250
vt 0.312500 0.281250
vt 0.343750 0.281250
vt 0.375000 0.281250
vt 0.406250 0.281250
vt 0.437500 0.281250
vt 0.468750 0.281250
vt 0.500000 0.281250
vt 0.531250 0.281250
vt 0.562500 0.281250
vt 0.593750 0.281250
vt 0.625000 0.281250
vt 0.656250 0.281250
vt 0.687500 0.281250
vt 0.718750 0.281250
vt 0.750000 0.281250
vt 0.781250 0.281250
vt 0.812500 0.281250
vt 0.843750 0.281250
vt 0.875000 0.281250
vt 0.906250 0.281250
vt 0.937500 0.281250
vt 0.968750 0.281250
vt 1.000000 0.281250
vt 0.031250 0.312500
vt 0.000000 0.312500
vt 0.062500 0.312500
vt 0.093750 0.312500
vt 0.125000 0.312500
vt 0.156250 0.312500
vt 0.187500 0.312500
vt 0.218750 0.312500
vt 0.250000 0.312500
vt 0.281250 0.312500
vt 0.312500 0.312500
vt 0.343750 0.312500
vt 0.375000 0.312500
vt 0.406250 0.312500
vt 0.437500 0.312500
vt 0.468750 0.312500
vt 0.500000 0.312500
vt 0.531250 0.312500
vt 0.562500 0.312500
vt 0.593750 0.312500
vt 0.625000 0.312500
vt 0.656250 0.312500
vt 0.687500 0.312500
vt 0.718750 0.312500
vt 0.750000 0.312500
vt 0.781250 0.312500
vt 0.812500 0.312500
vt 0.843750 0.312500
vt 0.875000 0.312500
vt 0.906250 0.312500
vt 0.937500 0.312500
vt 0.968750 0.312500
vt 1.000000 0.312500
vt 0.031250 0.343750
vt 0.000000 0.343750
vt 0.062500 0.343750
vt 0.093750 0.343750
vt 0.125000 0.343750
vt 0.156250 0.343750
vt 0.187500 0.343750
vt 0.218750 0.343750
vt 0.250000 0.343750
vt 0.281250 0.343750
vt 0.312500 0.343750
vt 0.343750 0.343750
vt 0.375000 0.343750
vt 0.406250 0.343750
vt 0.437500 0.343750
vt 0.468750 0.343750
vt 0.500000 0.343750
vt 0.531250 0.343750
vt 0.562500 0.343750
vt 0.593750 0.343750
vt 0.625000 0.343750
vt 0.656250 0.343750
vt 0.687500 0.343750
vt 0.718750 0.343750
vt 0.750000 0.343750
vt 0.781250 0.343750
vt 0.812500 0.343750
vt 0.843750 0.343750
vt 0.875000 0.343750
vt 0.906250 0.343750
vt 0.937500 0.343750
vt 0.968750 0.343750
vt 1.000000 0.343750
vt 0.031250 0.375000
vt 0.000000 0.375000
vt 0.062500 0.375000
vt 0.093750 0.375000
vt 0.125000 0.375000
vt 0.156250 0.375000
vt 0.187500 0.375000
vt 0.218750 0.375000
vt 0.250000 0.375000
vt 0.281250 0.375000
vt 0.312500 0.375000
vt 0.343750 0.375000
vt 0.375000 0.375000
vt 0.406250 0.375000
vt 0.437500 0.375000
vt 0.468750 0.375000
vt 0.500000 0.375000
vt 0.531250 0.375000
vt 0.562500 0.375000
vt 0.593750 0.375000
vt 0.625000 0.375000
vt 0.656250 0.375000
vt 0.687500 0.375000
vt 0.718750 0.375000
vt 0.750000 0.375000
vt 0.781250 0.375000
vt 0.812500 0.375000
vt 0.843750 0.375000
vt 0.875000 0.375000
vt 0.906250 0.375000
vt 0.937500 0.375000
vt 0.968750 0.375000
vt 1.000000 0.375000
vt 0.031250 0.406250
vt 0.000000 0.406250
vt 0.062500 0.406250
vt 0.093750 0.406250
vt 0.125000 0.406250
vt 0.156250 0.406250
vt 0.187500 0.406250
vt 0.218750 0.406250
vt 0.250000 0.406250
vt 0.281250 0.406250
vt 0.312500 0.406250
vt 0.343750 0.406250
vt 0.375000 0.406250
vt 0.406250 0.406250
vt 0.437500 0.406250
vt 0.468750 0.406250
vt 0.500000 0.406250
vt 0.531250 0.406250
vt 0.562500 0.406250
vt 0.593750 0.406250
vt 0.625000 0.406250
vt 0.656250 0.406250
vt 0.687500 0.406250
vt 0.718750 0.406250
vt 0.750000 0.406250
vt 0.781250 0.406250
vt 0.812500 0.406250
vt 0.843750 0.406250
vt 0.875000 0.406250
vt 0.906250 0.406250
vt 0.937500 0.406250
vt 0.968750 0.406250
vt 1.000000 0.406250
vt 0.031250 0.437500
vt 0.000000 0.437500
vt 0.062500 0.437500
vt 0.093750 0.437500
vt 0.125000 0.437500
vt 0.156250 0.437500
vt 0.187500 0.437500
vt 0.218750 0.437500
vt 0.250000 0.437500
vt 0.281250 0.437500
vt 0.312500 0.437500
vt 0.343750 0.437500
vt 0.375000 0.437500
vt 0.406250 0.437500
vt 0.437500 0.437500
vt 0.468750 0.437500
vt 0.500000 0.437500
vt 0.531250 0.437500
vt 0.562500 0.437500
vt 0.593750 0.437500
vt 0.625000 0.437500
vt 0.656250 0.437500
vt 0.687500 0.437500
vt 0.718750 0.437500
vt 0.750000 0.437500
vt 0.781250 0.437500
vt 0.812500 0.437500
vt 0.843750 0.437500
vt 0.875000 0.437500
vt 0.906250 0.437500
vt 0.937500 0.437500
vt 0.968750 0.437500
vt 1.000000 0.437500
vt 0.031250 0.468750
vt 0.000000 0.468750
vt 0.062500 0.468750
vt 0.093750 0.468750
vt 0.125000 0.468750
vt 0.156250 0.468750
vt 0.187500 0.468750
vt 0.218750 0.468750
vt 0.250000 0.468750
vt 0.281250 0.468750
vt 0.312500 0.468750
vt 0.343750 0.468750
vt 0.375000 0.468750
vt 0.406250 0.468750
vt 0.437500 0.468750
vt 0.468750 0.468750
vt 0.500000 0.468750
vt 0.531250 0.468750
vt 0.562500 0.468750
vt 0.593750 0.468750
vt 0.625000 0.468750
vt 0.656250 0.468750
vt 0.687500 0.468750
vt 0.718750 0.468750
vt 0.750000 0.468750
vt 0.781250 0.468750
vt 0.812500 0.468750
vt 0.843750 0.468750
vt 0.875000 0.468750
vt 0.906250 0.468750
vt 0.937500 0.468750
vt 0.968750 0.468750
vt 1.000000 0.468750
vt 0.031250 0.500000
vt 0.000000 0.500000
vt 0.062500 0.500000
vt 0.093750 0.500000
vt 0.125000 0.500000
vt 0.156250 0.500000
vt 0.187500 0.500000
vt 0.218750 0.500000
vt 0.250000 0.500000
vt 0.281250 0.500000
vt 0.312500 0.500000
vt 0.343750 0.500000
vt 0.375000 0.500000
vt 0.406250 0.500000
vt 0.437500 0.500000
vt 0.468750 0.500000
vt 0.500000 0.500000
vt 0.531250 0.500000
vt 0.562500 0.500000
vt 0.593750 0.500000
vt 0.625000 0.500000
vt 0.656250 0.500000
vt 0.687500 0.500000
vt 0.718750 0.500000
vt 0.750000 0.500000
vt 0.781250 0.500000
vt 0.812500 0.500000
vt 0.843750 0.500000
vt 0.875000 0.500000
vt 0.906250 0.500000
vt 0.937500 0.500000
vt 0.968750 0.500000
vt 1.000000 0.500000
vt 0.000000 1.000000
vt 0.031250 1.000000
vt 0.031250 0.000000
vt 0.000000 0.000000
vt 0.031250 1.000000
vt 0.062500 1.000000
vt 0.062500 0.000000
vt 0.031250 0.000000
vt 0.062500 1.000000
vt 0.093750 1.000000
vt 0.093750 0.000000
vt 0.062500 0.000000
vt 0.093750 1.000000
vt 0.125000 1.000000
vt 0.125000 0.000000
vt 0.093750 0.000000
vt 0.125000 1.000000
vt 0.156250 1.000000
vt 0.156250 0.000000
vt 0.125000 0.000000
vt 0.156250 1.000000
vt 0.187500 1.000000
vt 0.187500 0.000000
vt 0.156250 0.000000
vt 0.187500 1.000000
vt 0.218750 1.000000
vt 0.218750 0.000000
vt 0.187500 0.000000
vt 0.218750 1.000000
vt 0.250000 1.000000
vt 0.250000 0.000000
vt 0.218750 0.000000
vt 0.250000 1.000000
vt 0.281250 1.000000
vt 0.281250 0.000000
vt 0.250000 0.000000
vt 0.281250 1.000000
vt 0.312500 1.000000
vt 0.312500 0.000000
vt 0.281250 0.000000
vt 0.312500 1.000000
vt 0.343750 1.000000
vt 0.343750 0.000000
vt 0.312500 0.000000
vt 0.343750 1.000000
vt 0.375000 1.000000
vt 0.375000 0.000000
vt 0.343750 0.000000
vt 0.375000 1.000000
vt 0.406250 1.000000
vt 0.406250 0.000000
vt 0.375000 0.000000
vt 0.406250 1.000000
vt 0.437500 1.000000
vt 0.437500 0.000000
vt 0.406250 0.000000
vt 0.437500 1.000000
vt 0.468750 1.000000
vt 0.468750 0.000000
vt 0.437500 0.000000
vt 0.468750 1.000000
vt 0.500000 1.000000
vt 0.500000 0.000000
vt 0.468750 0.000000
vt 0.500000 1.000000
vt 0.531250 1.000000
vt 0.531250 0.000000
vt 0.500000 0.000000
vt 0.531250 1.000000
vt 0.562500 1.000000
vt 0.562500 0.000000
vt 0.531250 0.000000
vt 0.562500 1.000000
vt 0.593750 1.000000
vt 0.593750 0.000000
vt 0.562500 0.000000
vt 0.593750 1.000000
vt 0.625000 1.000000
vt 0.625000 0.000000
vt 0.593750 0.000000
vt 0.625000 1.000000
vt 0.656250 1.000000
vt 0.656250 0.000000
vt 0.625000 0.000000
vt 0.656250 1.000000
vt 0.687500 1.000000
vt 0.687500 0.000000
vt 0.656250 0.000000
vt 0.687500 1.000000
vt 0.718750 1.000000
vt 0.718750 0.000000
vt 0.687500 0.000000
vt 0.718750 1.000000
vt 0.750000 1.000000
vt 0.750000 0.000000
vt 0.718750 0.000000
vt 0.750000 1.000000
vt 0.781250 1.000000
vt 0.781250 0.000000
vt 0.750000 0.000000
vt 0.781250 1.000000
vt 0.812500 1.000000
vt 0.812500 0.000000
vt 0.781250 0.000000
vt 0.812500 1.000000
vt 0.843750 1.000000
vt 0.843750 0.000000
vt 0.812500 0.000000
vt 0.843750 1.000000
vt 0.875000 1.000000
vt 0.875000 0.000000
vt 0.843750 0.000000
vt 0.875000 1.000000
vt 0.906250 1.000000
vt 0.906250 0.000000
vt 0.875000 0.000000
vt 0.906250 1.000000
vt 0.937500 1.000000
vt 0.937500 0.000000
vt 0.906250 0.000000
vt 0.937500 1.000000
vt 0.968750 1.000000
vt 0.968750 0.000000
vt 0.937500 0.000000
vt 0.968750 1.000000
vt 1.000000 1.000000
vt 1.000000 0.000000
vt 0.968750 0.000000
vn 0.000000 1.000000 0.000000
vn 0.000000 1.000000 0.000000
vn 0.096134 0.995185 0.019122
vn 0.098017 0.995185 0.000000
vn 0.000000 1.000000 0.000000
vn 0.090556 0.995185 0.037510
vn 0.000000 1.000000 0.000000
vn 0.081498 0.995185 0.054455
vn 0.000000 1.000000 0.000000
vn 0.069309 0.995185 0.069309
vn 0.000000 1.000000 0.000000
vn 0.054455 0.995185 0.081498
vn 0.000000 1.000000 0.000000
vn 0.037510 0.995185 0.090556
vn 0.000000 1.000000 0.000000
vn 0.019122 0.995185 0.096134
vn 0.000000 1.000000 0.000000
vn 0.000000 0.995185 0.098017
vn -0.000000 1.000000 0.000000
vn -0.019122 0.995185 0.096134
vn -0.000000 1.000000 0.000000
vn -0.037510 0.995185 0.090556
vn -0.000000 1.000000 0.000000
vn -0.054455 0.995185 0.081498
vn -0.000000 1.000000 0.000000
vn -0.069309 0.995185 0.069309
vn -0.000000 1.000000 0.000000
vn -0.081498 0.995185 0.054455
vn -0.000000 1.000000 0.000000
vn -0.090556 0.995185 0.037510
vn -0.000000 1.000000 0.000000
vn -0.096134 0.995185 0.019122
vn -0.000000 1.000000 0.000000
vn -0.098017 0.995185 0.000000
vn -0.000000 1.000000 -0.000000
vn -0.096134 0.995185 -0.019122
vn -0.000000 1.000000 -0.000000
vn -0.090556 0.995185 -0.037510
vn -0.000000 1.000000 -0.000000
vn -0.081498 0.995185 -0.054455
vn -0.000000 1.000000 -0.000000
vn -0.069309 0.995185 -0.069309
vn -0.000000 1.000000 -0.000000
vn -0.054455 0.995185 -0.081498
vn -0.000000 1.000000 -0.000000
vn -0.037510 0.995185 -0.090556
vn -0.000000 1.000000 -0.000000
vn -0.019122 0.995185 -0.096134
vn -0.000000 1.000000 -0.000000
vn -0.000000 0.995185 -0.098017
vn 0.000000 1.000000 -0.000000
vn 0.019122 0.995185 -0.096134
vn 0.000000 1.000000 -0.000000
vn 0.037510 0.995185 -0.090556
vn 0.000000 1.000000 -0.000000
vn 0.054455 0.995185 -0.081498
vn 0.000000 1.000000 -0.000000
vn 0.069309 0.995185 -0.069309
vn 0.000000 1.000000 -0.000000
vn 0.081498 0.995185 -0.054455
vn 0.000000 1.000000 -0.000000
vn 0.090556 0.995185 -0.037510
vn 0.000000 1.000000 -0.000000
vn 0.096134 0.995185 -0.019122
vn 0.000000 1.000000 -0.000000
vn 0.098017 0.995185 -0.000000
vn 0.191342 0.980785 0.038060
vn 0.195090 0.980785 0.000000
vn 0.180240 0.980785 0.074658
vn 0.162212 0.980785 0.108386
vn 0.137950 0.980785 0.137950
vn 0.108386 0.980785 0.162212
vn 0.074658 0.980785 0.180240
vn 0.038060 0.980785 0.191342
vn 0.000000 0.980785 0.195090
vn -0.038060 0.980785 0.191342
vn -0.074658 0.980785 0.180240
vn -0.108386 0.980785 0.162212
vn -0.137950 0.980785 0.137950
vn -0.162212 0.980785 0.108386
vn -0.180240 0.980785 0.074658
vn -0.191342 0.980785 0.038060
vn -0.195090 0.980785 0.000000
vn -0.191342 0.980785 -0.038060
vn -0.180240 0.980785 -0.074658
vn -0.162212 0.980785 -0.108386
vn -0.137950 0.980785 -0.137950
vn -0.108386 0.980785 -0.162212
vn -0.074658 0.980785 -0.180240
vn -0.038060 0.980785 -0.191342
vn -0.000000 0.980785 -0.195090
vn 0.038060 0.980785 -0.191342
vn 0.074658 0.980785 -0.180240
vn 0.108386 0.980785 -0.162212
vn 0.137950 0.980785 -0.137950
vn 0.162212 0.980785 -0.108386
vn 0.180240 0.980785 -0.074658
vn 0.191342 0.980785 -0.038060
vn 0.195090 0.980785 -0.000000
vn 0.284707 0.956940 0.056632
vn 0.290285 0.956940 0.000000
vn 0.268188 0.956940 0.111087
vn 0.241363 0.956940 0.161274
vn 0.205262 0.956940 0.205262
vn 0.161274 0.956940 0.241363
vn 0.111087 0.956940 0.268188
vn 0.056632 0.956940 0.284707
vn 0.000000 0.956940 0.290285
vn -0.056632 0.956940 0.284707
vn -0.111087 0.956940 0.268188
vn -0.161274 0.956940 0.241363
vn -0.205262 0.956940 0.205262
vn -0.241363 0.956940 0.161274
vn -0.268188 0.956940 0.111087
vn -0.284707 0.956940 0.056632
vn -0.290285 0.956940 0.000000
vn -0.284707 0.956940 -0.056632
vn -0.268188 0.956940 -0.111087
vn -0.241363 0.956940 -0.161274
vn -0.205262 0.956940 -0.205262
vn -0.161274 0.956940 -0.241363
vn -0.111087 0.956940 -0.268188
vn -0.056632 0.956940 -0.284707
vn -0.000000 0.956940 -0.290285
vn 0.056632 0.956940 -0.284707
vn 0.111087 0.956940 -0.268188
vn 0.161274 0.956940 -0.241363
vn 0.205262 0.956940 -0.205262
vn 0.241363 0.956940 -0.161274
vn 0.268188 0.956940 -0.111087
vn 0.284707 0.956940 -0.056632
vn 0.290285 0.956940 -0.000000
vn 0.375330 0.923880 0.074658
vn 0.382683 0.923880 0.000000
vn 0.353553 0.923880 0.146447
vn 0.318190 0.923880 0.212608
vn 0.270598 0.923880 0.270598
vn 0.212608 0.923880 0.318190
vn 0.146447 0.923880 0.353553
vn 0.074658 0.923880 0.375330
vn 0.000000 0.923880 0.382683
vn -0.074658 0.923880 0.375330
vn -0.146447 0.923880 0.353553
vn -0.212608 0.923880 0.318190
vn -0.270598 0.923880 0.270598
vn -0.318190 0.923880 0.212608
vn -0.353553 0.923880 0.146447
vn -0.375330 0.923880 0.074658
vn -0.382683 0.923880 0.000000
vn -0.375330 0.923880 -0.074658
vn -0.353553 0.923880 -0.146447
vn -0.318190 0.923880 -0.212608
vn -0.270598 0.923880 -0.270598
vn -0.212608 0.923880 -0.318190
vn -0.146447 0.923880 -0.353553
vn -0.074658 0.923880 -0.375330
vn -0.000000 0.923880 -0.382683
vn 0.074658 0.923880 -0.375330
vn 0.146447 0.923880 -0.353553
vn 0.212608 0.923880 -0.318190
vn 0.270598 0.923880 -0.270598
vn 0.318190 0.923880 -0.212608
vn 0.353553 0.923880 -0.146447
vn 0.375330 0.923880 -0.074658
vn 0.382683 0.923880 -0.000000
vn 0.462339 0.881921 0.091965
vn 0.471397 0.881921 0.000000
vn 0.435514 0.881921 0.180396
vn 0.391952 0.881921 0.261894
vn 0.333328 0.881921 0.333328
vn 0.261894 0.881921 0.391952
vn 0.180396 0.881921 0.435514
vn 0.091965 0.881921 0.462339
vn 0.000000 0.881921 0.471397
vn -0.091965 0.881921 0.462339
vn -0.180396 0.881921 0.435514
vn -0.261894 0.881921 0.391952
vn -0.333328 0.881921 0.333328
vn -0.391952 0.881921 0.261894
vn -0.435514 0.881921 0.180396
vn -0.462339 0.881921 0.091965
vn -0.471397 0.881921 0.000000
vn -0.462339 0.881921 -0.091965
vn -0.435514 0.881921 -0.180396
vn -0.391952 0.881921 -0.261894
vn -0.333328 0.881921 -0.333328
vn -0.261894 0.881921 -0.391952
vn -0.180396 0.881921 -0.435514
vn -0.091965 0.881921 -0.462339
vn -0.000000 0.881921 -0.471397
vn 0.091965 0.881921 -0.462339
vn 0.180396 0.881921 -0.435514
vn 0.261894 0.881921 -0.391952
vn 0.333328 0.881921 -0.333328
vn 0.391952 0.881921 -0.261894
vn 0.435514 0.881921 -0.180396
vn 0.462339 0.881921 -0.091965
vn 0.471397 0.881921 -0.000000
vn 0.544895 0.831470 0.108386
vn 0.555570 0.831470 0.000000
vn 0.513280 0.831470 0.212608
vn 0.461940 0.831470 0.308658
vn 0.392847 0.831470 0.392847
vn 0.308658 0.831470 0.461940
vn 0.212608 0.831470 0.513280
vn 0.108386 0.831470 0.544895
vn 0.000000 0.831470 0.555570
vn -0.108386 0.831470 0.544895
vn -0.212608 0.831470 0.513280
vn -0.308658 0.831470 0.461940
vn -0.392847 0.831470 0.392847
vn -0.461940 0.831470 0.308658
vn -0.513280 0.831470 0.212608
vn -0.544895 0.831470 0.108386
vn -0.555570 0.831470 0.000000
vn -0.544895 0.831470 -0.108386
vn -0.513280 0.831470 -0.212608
vn -0.461940 0.831470 -0.308658
vn -0.392847 0.831470 -0.392847
vn -0.308658 0.831470 -0.461940
vn -0.212608 0.831470 -0.513280
vn -0.108386 0.831470 -0.544895
vn -0.000000 0.831470 -0.555570
vn 0.108386 0.831470 -0.544895
vn 0.212608 0.831470 -0.513280
vn 0.308658 0.831470 -0.461940
vn 0.392847 0.831470 -0.392847
vn 0.461940 0.831470 -0.308658
vn 0.513280 0.831470 -0.212608
vn 0.544895 0.831470 -0.108386
vn 0.555570 0.831470 -0.000000
vn 0.622204 0.773010 0.123764
vn 0.634393 0.773010 0.000000
vn 0.586103 0.773010 0.242772
vn 0.527479 0.773010 0.352450
vn 0.448584 0.773010 0.448584
vn 0.352450 0.773010 0.527479
vn 0.242772 0.773010 0.586103
vn 0.123764 0.773010 0.622204
vn 0.000000 0.773010 0.634393
vn -0.123764 0.773010 0.622204
vn -0.242772 0.773010 0.586103
vn -0.352450 0.773010 0.527479
vn -0.448584 0.773010 0.448584
vn -0.527479 0.773010 0.352450
vn -0.586103 0.773010 0.242772
vn -0.622204 0.773010 0.123764
vn -0.634393 0.773010 0.000000
vn -0.622204 0.773010 -0.123764
vn -0.586103 0.773010 -0.242772
vn -0.527479 0.773010 -0.352450
vn -0.448584 0.773010 -0.448584
vn -0.352450 0.773010 -0.527479
vn -0.242772 0.773010 -0.586103
vn -0.123764 0.773010 -0.622204
vn -0.000000 0.773010 -0.634393
vn 0.123764 0.773010 -0.622204
vn 0.242772 0.773010 -0.586103
vn 0.352450 0.773010 -0.527479
vn 0.448584 0.773010 -0.448584
vn 0.527479 0.773010 -0.352450
vn 0.586103 0.773010 -0.242772
vn 0.622204 0.773010 -0.123764
vn 0.634393 0.773010 -0.000000
vn 0.693520 0.707107 0.137950
vn 0.707107 0.707107 0.000000
vn 0.653281 0.707107 0.270598
vn 0.587938 0.707107 0.392847
vn 0.500000 0.707107 0.500000
vn 0.392847 0.707107 0.587938
vn 0.270598 0.707107 0.653281
vn 0.137950 0.707107 0.693520
vn 0.000000 0.707107 0.707107
vn -0.137950 0.707107 0.693520
vn -0.270598 0.707107 0.653281
vn -0.392847 0.707107 0.587938
vn -0.500000 0.707107 0.500000
vn -0.587938 0.707107 0.392847
vn -0.653281 0.707107 0.270598
vn -0.693520 0.707107 0.137950
vn -0.707107 0.707107 0.000000
vn -0.693520 0.707107 -0.137950
vn -0.653281 0.707107 -0.270598
vn -0.587938 0.707107 -0.392847
vn -0.500000 0.707107 -0.500000
vn -0.392847 0.707107 -0.587938
vn -0.270598 0.707107 -0.653281
vn -0.137950 0.707107 -0.693520
vn -0.000000 0.707107 -0.707107
vn 0.137950 0.707107 -0.693520
vn 0.270598 0.707107 -0.653281
vn 0.392847 0.707107 -0.587938
vn 0.500000 0.707107 -0.500000
vn 0.587938 0.707107 -0.392847
vn 0.653281 0.707107 -0.270598
vn 0.693520 0.707107 -0.137950
vn 0.707107 0.707107 -0.000000
vn 0.758157 0.634393 0.150807
vn 0.773010 0.634393 0.000000
vn 0.714169 0.634393 0.295818
vn 0.642735 0.634393 0.429462
vn 0.546601 0.634393 0.546601
vn 0.429462 0.634393 0.642735
vn 0.295818 0.634393 0.714169
vn 0.150807 0.634393 0.758157
vn 0.000000 0.634393 0.773010
vn -0.150807 0.634393 0.758157
vn -0.295818 0.634393 0.714169
vn -0.429462 0.634393 0.642735
vn -0.546601 0.634393 0.546601
vn -0.642735 0.634393 0.429462
vn -0.714169 0.634393 0.295818
vn -0.758157 0.634393 0.150807
vn -0.773010 0.634393 0.000000
vn -0.758157 0.634393 -0.150807
vn -0.714169 0.634393 -0.295818
vn -0.642735 0.634393 -0.429462
vn -0.546601 0.634393 -0.546601
vn -0.429462 0.634393 -0.642735
vn -0.295818 0.634393 -0.714169
vn -0.150807 0.634393 -0.758157
vn -0.000000 0.634393 -0.773010
vn 0.150807 0.634393 -0.758157
vn 0.295818 0.634393 -0.714169
vn 0.429462 0.634393 -0.642735
vn 0.546601 0.634393 -0.546601
vn 0.642735 0.634393 -0.429462
vn 0.714169 0.634393 -0.295818
vn 0.758157 0.634393 -0.150807
vn 0.773010 0.634393 -0.000000
vn 0.815493 0.555570 0.162212
vn 0.831470 0.555570 0.000000
vn 0.768178 0.555570 0.318190
vn 0.691342 0.555570 0.461940
vn 0.587938 0.555570 0.587938
vn 0.461940 0.555570 0.691342
vn 0.318190 0.555570 0.768178
vn 0.162212 0.555570 0.815493
vn 0.000000 0.555570 0.831470
vn -0.162212 0.555570 0.815493
vn -0.318190 0.555570 0.768178
vn -0.461940 0.555570 0.691342
vn -0.587938 0.555570 0.587938
vn -0.691342 0.555570 0.461940
vn -0.768178 0.555570 0.318190
vn -0.815493 0.555570 0.162212
vn -0.831470 0.555570 0.000000
vn -0.815493 0.555570 -0.162212
vn -0.768178 0.555570 -0.318190
vn -0.691342 0.555570 -0.461940
vn -0.587938 0.555570 -0.587938
vn -0.461940 0.555570 -0.691342
vn -0.318190 0.555570 -0.768178
vn -0.162212 0.555570 -0.815493
vn -0.000000 0.555570 -0.831470
vn 0.162212 0.555570 -0.815493
vn 0.318190 0.555570 -0.768178
vn 0.461940 0.555570 -0.691342
vn 0.587938 0.555570 -0.587938
vn 0.691342 0.555570 -0.461940
vn 0.768178 0.555570 -0.318190
vn 0.815493 0.555570 -0.162212
vn 0.831470 0.555570 -0.000000
vn 0.864975 0.471397 0.172054
vn 0.881921 0.471397 0.000000
vn 0.814789 0.471397 0.337497
vn 0.733291 0.471397 0.489969
vn 0.623613 0.471397 0.623613
vn 0.489969 0.471397 0.733291
vn 0.337497 0.471397 0.814789
vn 0.172054 0.471397 0.864975
vn 0.000000 0.471397 0.881921
vn -0.172054 0.471397 0.864975
vn -0.337497 0.471397 0.814789
vn -0.489969 0.471397 0.733291
vn -0.623613 0.471397 0.623613
vn -0.733291 0.471397 0.489969
vn -0.814789 0.471397 0.337497
vn -0.864975 0.471397 0.172054
vn -0.881921 0.471397 0.000000
vn -0.864975 0.471397 -0.172054
vn -0.814789 0.471397 -0.337497
vn -0.733291 0.471397 -0.489969
vn -0.623613 0.471397 -0.623613
vn -0.489969 0.471397 -0.733291
vn -0.337497 0.471397 -0.814789
vn -0.172054 0.471397 -0.864975
vn -0.000000 0.471397 -0.881921
vn 0.172054 0.471397 -0.864975
vn 0.337497 0.471397 -0.814789
vn 0.489969 0.471397 -0.733291
vn 0.623613 0.471397 -0.623613
vn 0.733291 0.471397 -0.489969
vn 0.814789 0.471397 -0.337497
vn 0.864975 0.471397 -0.172054
vn 0.881921 0.471397 -0.000000
vn 0.906127 0.382683 0.180240
vn 0.923880 0.382683 0.000000
vn 0.853553 0.382683 0.353553
vn 0.768178 0.382683 0.513280
vn 0.653281 0.382683 0.653281
vn 0.513280 0.382683 0.768178
vn 0.353553 0.382683 0.853553
vn 0.180240 0.382683 0.906127
vn 0.000000 0.382683 0.923880
vn -0.180240 0.382683 0.906127
vn -0.353553 0.382683 0.853553
vn -0.513280 0.382683 0.768178
vn -0.653281 0.382683 0.653281
vn -0.768178 0.382683 0.513280
vn -0.853553 0.382683 0.353553
vn -0.906127 0.382683 0.180240
vn -0.923880 0.382683 0.000000
vn -0.906127 0.382683 -0.180240
vn -0.853553 0.382683 -0.353553
vn -0.768178 0.382683 -0.513280
vn -0.653281 0.382683 -0.653281
vn -0.513280 0.382683 -0.768178
vn -0.353553 0.382683 -0.853553
vn -0.180240 0.382683 -0.906127
vn -0.000000 0.382683 -0.923880
vn 0.180240 0.382683 -0.906127
vn 0.353553 0.382683 -0.853553
vn 0.513280 0.382683 -0.768178
vn 0.653281 0.382683 -0.653281
vn 0.768178 0.382683 -0.513280
vn 0.853553 0.382683 -0.353553
vn 0.906127 0.382683 -0.180240
vn 0.923880 0.382683 -0.000000
vn 0.938553 0.290285 0.186690
vn 0.956940 0.290285 0.000000
vn 0.884098 0.290285 0.366205
vn 0.795667 0.290285 0.531648
vn 0.676659 0.290285 0.676659
vn 0.531648 0.290285 0.795667
vn 0.366205 0.290285 0.884098
vn 0.186690 0.290285 0.938553
vn 0.000000 0.290285 0.956940
vn -0.186690 0.290285 0.938553
vn -0.366205 0.290285 0.884098
vn -0.531648 0.290285 0.795667
vn -0.676659 0.290285 0.676659
vn -0.795667 0.290285 0.531648
vn -0.884098 0.290285 0.366205
vn -0.938553 0.290285 0.186690
vn -0.956940 0.290285 0.000000
vn -0.938553 0.290285 -0.186690
vn -0.884098 0.290285 -0.366205
vn -0.795667 0.290285 -0.531648
vn -0.676659 0.290285 -0.676659
vn -0.531648 0.290285 -0.795667
vn -0.366205 0.290285 -0.884098
vn -0.186690 0.290285 -0.938553
vn -0.000000 0.290285 -0.956940
vn 0.186690 0.290285 -0.938553
vn 0.366205 0.290285 -0.884098
vn 0.531648 0.290285 -0.795667
vn 0.676659 0.290285 -0.676659
vn 0.795667 0.290285 -0.531648
vn 0.884098 0.290285 -0.366205
vn 0.938553 0.290285 -0.186690
vn 0.956940 0.290285 -0.000000
vn 0.961940 0.195090 0.191342
vn 0.980785 0.195090 0.000000
vn 0.906127 0.195090 0.375330
vn 0.815493 0.195090 0.544895
vn 0.693520 0.195090 0.693520
vn 0.544895 0.195090 0.815493
vn 0.375330 0.195090 0.906127
vn 0.191342 0.195090 0.961940
vn 0.000000 0.195090 0.980785
vn -0.191342 0.195090 0.961940
vn -0.375330 0.195090 0.906127
vn -0.544895 0.195090 0.815493
vn -0.693520 0.195090 0.693520
vn -0.815493 0.195090 0.544895
vn -0.906127 0.195090 0.375330
vn -0.961940 0.195090 0.191342
vn -0.980785 0.195090 0.000000
vn -0.961940 0.195090 -0.191342
vn -0.906127 0.195090 -0.375330
vn -0.815493 0.195090 -0.544895
vn -0.693520 0.195090 -0.693520
vn -0.544895 0.195090 -0.815493
vn -0.375330 0.195090 -0.906127
vn -0.191342 0.195090 -0.961940
vn -0.000000 0.195090 -0.980785
vn 0.191342 0.195090 -0.961940
vn 0.375330 0.195090 -0.906127
vn 0.544895 0.195090 -0.815493
vn 0.693520 0.195090 -0.693520
vn 0.815493 0.195090 -0.544895
vn 0.906127 0.195090 -0.375330
vn 0.961940 0.195090 -0.191342
vn 0.980785 0.195090 -0.000000
vn 0.976063 0.098017 0.194151
vn 0.995185 0.098017 0.000000
vn 0.919431 0.098017 0.380841
vn 0.827466 0.098017 0.552895
vn 0.703702 0.098017 0.703702
vn 0.552895 0.098017 0.827466
vn 0.380841 0.098017 0.919431
vn 0.194151 0.098017 0.976063
vn 0.000000 0.098017 0.995185
vn -0.194151 0.098017 0.976063
vn -0.380841 0.098017 0.919431
vn -0.552895 0.098017 0.827466
vn -0.703702 0.098017 0.703702
vn -0.827466 0.098017 0.552895
vn -0.919431 0.098017 0.380841
vn -0.976063 0.098017 0.194151
vn -0.995185 0.098017 0.000000
vn -0.976063 0.098017 -0.194151
vn -0.919431 0.098017 -0.380841
vn -0.827466 0.098017 -0.552895
vn -0.703702 0.098017 -0.703702
vn -0.552895 0.098017 -0.827466
vn -0.380841 0.098017 -0.919431
vn -0.194151 0.098017 -0.976063
vn -0.000000 0.098017 -0.995185
vn 0.194151 0.098017 -0.976063
vn 0.380841 0.098017 -0.919431
vn 0.552895 0.098017 -0.827466
vn 0.703702 0.098017 -0.703702
vn 0.827466 0.098017 -0.552895
vn 0.919431 0.098017 -0.380841
vn 0.976063 0.098017 -0.194151
vn 0.995185 0.098017 -0.000000
vn 0.980785 0.000000 0.195090
vn 1.000000 0.000000 0.000000
vn 0.923880 0.000000 0.382683
vn 0.831470 0.000000 0.555570
vn 0.707107 0.000000 0.707107
vn 0.555570 0.000000 0.831470
vn 0.382683 0.000000 0.923880
vn 0.195090 0.000000 0.980785
vn 0.000000 0.000000 1.000000
vn -0.195090 0.000000 0.980785
vn -0.382683 0.000000 0.923880
vn -0.555570 0.000000 0.831470
vn -0.707107 0.000000 0.707107
vn -0.831470 0.000000 0.555570
vn -0.923880 0.000000 0.382683
vn -0.980785 0.000000 0.195090
vn -1.000000 0.000000 0.000000
vn -0.980785 0.000000 -0.195090
vn -0.923880 0.000000 -0.382683
vn -0.831470 0.000000 -0.555570
vn -0.707107 0.000000 -0.707107
vn -0.555570 0.000000 -0.831470
vn -0.382683 0.000000 -0.923880
vn -0.195090 0.000000 -0.980785
vn -0.000000 0.000000 -1.000000
vn 0.195090 0.000000 -0.980785
vn 0.382683 0.000000 -0.923880
vn 0.555570 0.000000 -0.831470
vn 0.707107 0.000000 -0.707107
vn 0.831470 0.000000 -0.555570
vn 0.923880 0.000000 -0.382683
vn 0.980785 0.000000 -0.195090
vn 1.000000 0.000000 -0.000000
vn 0.000000 -1.000000 0.000000
vn 0.000000 -1.000000 0.000000
vn 0.096134 -0.995185 0.019122
vn 0.098017 -0.995185 0.000000
vn 0.000000 -1.000000 0.000000
vn 0.090556 -0.995185 0.037510
vn 0.000000 -1.000000 0.000000
vn 0.081498 -0.995185 0.054455
vn 0.000000 -1.000000 0.000000
vn 0.069309 -0.995185 0.069309
vn 0.000000 -1.000000 0.000000
vn 0.054455 -0.995185 0.081498
vn 0.000000 -1.000000 0.000000
vn 0.037510 -0.995185 0.090556
vn 0.000000 -1.000000 0.000000
vn 0.019122 -0.995185 0.096134
vn 0.000000 -1.000000 0.000000
vn 0.000000 -0.995185 0.098017
vn -0.000000 -1.000000 0.000000
vn -0.019122 -0.995185 0.096134
vn -0.000000 -1.000000 0.000000
vn -0.037510 -0.995185 0.090556
vn -0.000000 -1.000000 0.000000
vn -0.054455 -0.995185 0.081498
vn -0.000000 -1.000000 0.000000
vn -0.069309 -0.995185 0.069309
vn -0.000000 -1.000000 0.000000
vn -0.081498 -0.995185 0.054455
vn -0.000000 -1.000000 0.000000
vn -0.090556 -0.995185 0.037510
vn -0.000000 -1.000000 0.000000
vn -0.096134 -0.995185 0.019122
vn -0.000000 -1.000000 0.000000
vn -0.098017 -0.995185 0.000000
vn -0.000000 -1.000000 -0.000000
vn -0.096134 -0.995185 -0.019122
vn -0.000000 -1.000000 -0.000000
vn -0.090556 -0.995185 -0.037510
vn -0.000000 -1.000000 -0.000000
vn -0.081498 -0.995185 -0.054455
vn -0.000000 -1.000000 -0.000000
vn -0.069309 -0.995185 -0.069309
vn -0.000000 -1.000000 -0.000000
vn -0.054455 -0.995185 -0.081498
vn -0.000000 -1.000000 -0.000000
vn -0.037510 -0.995185 -0.090556
vn -0.000000 -1.000000 -0.000000
vn -0.019122 -0.995185 -0.096134
vn -0.000000 -1.000000 -0.000000
vn -0.000000 -0.995185 -0.098017
vn 0.000000 -1.000000 -0.000000
vn 0.019122 -0.995185 -0.096134
vn 0.000000 -1.000000 -0.000000
vn 0.037510 -0.995185 -0.090556
vn 0.000000 -1.000000 -0.000000
vn 0.054455 -0.995185 -0.081498
vn 0.000000 -1.000000 -0.000000
vn 0.069309 -0.995185 -0.069309
vn 0.000000 -1.000000 -0.000000
vn 0.081498 -0.995185 -0.054455
vn 0.000000 -1.000000 -0.000000
vn 0.090556 -0.995185 -0.037510
vn 0.000000 -1.000000 -0.000000
vn 0.096134 -0.995185 -0.019122
vn 0.000000 -1.000000 -0.000000
vn 0.098017 -0.995185 -0.000000
vn 0.191342 -0.980785 0.038060
vn 0.195090 -0.980785 0.000000
vn 0.180240 -0.980785 0.074658
vn 0.162212 -0.980785 0.108386
vn 0.137950 -0.980785 0.137950
vn 0.108386 -0.980785 0.162212
vn 0.074658 -0.980785 0.180240
vn 0.038060 -0.980785 0.191342
vn 0.000000 -0.980785 0.195090
vn -0.038060 -0.980785 0.191342
vn -0.074658 -0.980785 0.180240
vn -0.108386 -0.980785 0.162212
vn -0.137950 -0.980785 0.137950
vn -0.162212 -0.980785 0.108386
vn -0.180240 -0.980785 0.074658
vn -0.191342 -0.980785 0.038060
vn -0.195090 -0.980785 0.000000
vn -0.191342 -0.980785 -0.038060
vn -0.180240 -0.980785 -0.074658
vn -0.162212 -0.980785 -0.108386
vn -0.137950 -0.980785 -0.137950
vn -0.108386 -0.980785 -0.162212
vn -0.074658 -0.980785 -0.180240
vn -0.038060 -0.980785 -0.191342
vn -0.000000 -0.980785 -0.195090
vn 0.038060 -0.980785 -0.191342
vn 0.074658 -0.980785 -0.180240
vn 0.108386 -0.980785 -0.162212
vn 0.137950 -0.980785 -0.137950
vn 0.162212 -0.980785 -0.108386
vn 0.180240 -0.980785 -0.074658
vn 0.191342 -0.980785 -0.038060
vn 0.195090 -0.980785 -0.000000
vn 0.284707 -0.956940 0.056632
vn 0.290285 -0.956940 0.000000
vn 0.268188 -0.956940 0.111087
vn 0.241363 -0.956940 0.161274
vn 0.205262 -0.956940 0.205262
vn 0.161274 -0.956940 0.241363
vn 0.111087 -0.956940 0.268188
vn 0.056632 -0.956940 0.284707
vn 0.000000 -0.956940 0.290285
vn -0.056632 -0.956940 0.284707
vn -0.111087 -0.956940 0.268188
vn -0.161274 -0.956940 0.241363
vn -0.205262 -0.956940 0.205262
vn -0.241363 -0.956940 0.161274
vn -0.268188 -0.956940 0.111087
vn -0.284707 -0.956940 0.056632
vn -0.290285 -0.956940 0.000000
vn -0.284707 -0.956940 -0.056632
vn -0.268188 -0.956940 -0.111087
vn -0.241363 -0.956940 -0.161274
vn -0.205262 -0.956940 -0.205262
vn -0.161274 -0.956940 -0.241363
vn -0.111087 -0.956940 -0.268188
vn -0.056632 -0.956940 -0.284707
vn -0.000000 -0.956940 -0.290285
vn 0.056632 -0.956940 -0.284707
vn 0.111087 -0.956940 -0.268188
vn 0.161274 -0.956940 -0.241363
vn 0.205262 -0.956940 -0.205262
vn 0.241363 -0.956940 -0.161274
vn 0.268188 -0.956940 -0.111087
vn 0.284707 -0.956940 -0.056632
vn 0.290285 -0.956940 -0.000000
vn 0.375330 -0.923880 0.074658
vn 0.382683 -0.923880 0.000000
vn 0.353553 -0.923880 0.146447
vn 0.318190 -0.923880 0.212608
vn 0.270598 -0.923880 0.270598
vn 0.212608 -0.923880 0.318190
vn 0.146447 -0.923880 0.353553
vn 0.074658 -0.923880 0.375330
vn 0.000000 -0.923880 0.382683
vn -0.074658 -0.923880 0.375330
vn -0.146447 -0.923880 0.353553
vn -0.212608 -0.923880 0.318190
vn -0.270598 -0.923880 0.270598
vn -0.318190 -0.923880 0.212608
vn -0.353553 -0.923880 0.146447
vn -0.375330 -0.923880 0.074658
vn -0.382683 -0.923880 0.000000
vn -0.375330 -0.923880 -0.074658
vn -0.353553 -0.923880 -0.146447
vn -0.318190 -0.923880 -0.212608
vn -0.270598 -0.923880 -0.270598
vn -0.212608 -0.923880 -0.318190
vn -0.146447 -0.923880 -0.353553
vn -0.074658 -0.923880 -0.375330
vn -0.000000 -0.923880 -0.382683
vn 0.074658 -0.923880 -0.375330
vn 0.146447 -0.923880 -0.353553
vn 0.212608 -0.923880 -0.318190
vn 0.270598 -0.923880 -0.270598
vn 0.318190 -0.923880 -0.212608
vn 0.353553 -0.923880 -0.146447
vn 0.375330 -0.923880 -0.074658
vn 0.382683 -0.923880 -0.000000
vn 0.462339 -0.881921 0.091965
vn 0.471397 -0.881921 0.000000
vn 0.435514 -0.881921 0.180396
vn 0.391952 -0.881921 0.261894
vn 0.333328 -0.881921 0.333328
vn 0.261894 -0.881921 0.391952
vn 0.180396 -0.881921 0.435514
vn 0.091965 -0.881921 0.462339
vn 0.000000 -0.881921 0.471397
vn -0.091965 -0.881921 0.462339
vn -0.180396 -0.881921 0.435514
vn -0.261894 -0.881921 0.391952
vn -0.333328 -0.881921 0.333328
vn -0.391952 -0.881921 0.261894
vn -0.435514 -0.881921 0.180396
vn -0.462339 -0.881921 0.091965
vn -0.471397 -0.881921 0.000000
vn -0.462339 -0.881921 -0.091965
vn -0.435514 -0.881921 -0.180396
vn -0.391952 -0.881921 -0.261894
vn -0.333328 -0.881921 -0.333328
vn -0.261894 -0.881921 -0.391952
vn -0.180396 -0.881921 -0.435514
vn -0.091965 -0.881921 -0.462339
vn -0.000000 -0.881921 -0.471397
vn 0.091965 -0.881921 -0.462339
vn 0.180396 -0.881921 -0.435514
vn 0.261894 -0.881921 -0.391952
vn 0.333328 -0.881921 -0.333328
vn 0.391952 -0.881921 -0.261894
vn 0.435514 -0.881921 -0.180396
vn 0.462339 -0.881921 -0.091965
vn 0.471397 -0.881921 -0.000000
vn 0.544895 -0.831470 0.108386
vn 0.555570 -0.831470 0.000000
vn 0.513280 -0.831470 0.212608
vn 0.461940 -0.831470 0.308658
vn 0.392847 -0.831470 0.392847
vn 0.308658 -0.831470 0.461940
vn 0.212608 -0.831470 0.513280
vn 0.108386 -0.831470 0.544895
vn 0.000000 -0.831470 0.555570
vn -0.108386 -0.831470 0.544895
vn -0.212608 -0.831470 0.513280
vn -0.308658 -0.831470 0.461940
vn -0.392847 -0.831470 0.392847
vn -0.461940 -0.831470 0.308658
vn -0.513280 -0.831470 0.212608
vn -0.544895 -0.831470 0.108386
vn -0.555570 -0.831470 0.000000
vn -0.544895 -0.831470 -0.108386
vn -0.513280 -0.831470 -0.212608
vn -0.461940 -0.831470 -0.308658
vn -0.392847 -0.831470 -0.392847
vn -0.308658 -0.831470 -0.461940
vn -0.212608 -0.831470 -0.513280
vn -0.108386 -0.831470 -0.544895
vn -0.000000 -0.831470 -0.555570
vn 0.108386 -0.831470 -0.544895
vn 0.212608 -0.831470 -0.513280
vn 0.308658 -0.831470 -0.461940
vn 0.392847 -0.831470 -0.392847
vn 0.461940 -0.831470 -0.308658
vn 0.513280 -0.831470 -0.212608
vn 0.544895 -0.831470 -0.108386
vn 0.555570 -0.831470 -0.000000
vn 0.622204 -0.773010 0.123764
vn 0.634393 -0.773010 0.000000
vn 0.586103 -0.773010 0.242772
vn 0.527479 -0.773010 0.352450
vn 0.448584 -0.773010 0.448584
vn 0.352450 -0.773010 0.527479
vn 0.242772 -0.773010 0.586103
vn 0.123764 -0.773010 0.622204
vn 0.000000 -0.773010 0.634393
vn -0.123764 -0.773010 0.622204
vn -0.242772 -0.773010 0.586103
vn -0.352450 -0.773010 0.527479
vn -0.448584 -0.773010 0.448584
vn -0.527479 -0.773010 0.352450
vn -0.586103 -0.773010 0.242772
vn -0.622204 -0.773010 0.123764
vn -0.634393 -0.773010 0.000000
vn -0.622204 -0.773010 -0.123764
vn -0.586103 -0.773010 -0.242772
vn -0.527479 -0.773010 -0.352450
vn -0.448584 -0.773010 -0.448584
vn -0.352450 -0.773010 -0.527479
vn -0.242772 -0.773010 -0.586103
vn -0.123764 -0.773010 -0.622204
vn -0.000000 -0.773010 -0.634393
vn 0.123764 -0.773010 -0.622204
vn 0.242772 -0.773010 -0.586103
vn 0.352450 -0.773010 -0.527479
vn 0.448584 -0.773010 -0.448584
vn 0.527479 -0.773010 -0.352450
vn 0.586103 -0.773010 -0.242772
vn 0.622204 -0.773010 -0.123764
vn 0.634393 -0.773010 -0.000000
vn 0.693520 -0.707107 0.137950
vn 0.707107 -0.707107 0.000000
vn 0.653281 -0.707107 0.270598
vn 0.587938 -0.707107 0.392847
vn 0.500000 -0.707107 0.500000
vn 0.392847 -0.707107 0.587938
vn 0.270598 -0.707107 0.653281
vn 0.137950 -0.707107 0.693520
vn 0.000000 -0.707107 0.707107
vn -0.137950 -0.707107 0.693520
vn -0.270598 -0.707107 0.653281
vn -0.392847 -0.707107 0.587938
vn -0.500000 -0.707107 0.500000
vn -0.587938 -0.707107 0.392847
vn -0.653281 -0.707107 0.270598
vn -0.693520 -0.707107 0.137950
vn -0.707107 -0.707107 0.000000
vn -0.693520 -0.707107 -0.137950
vn -0.653281 -0.707107 -0.270598
vn -0.587938 -0.707107 -0.392847
vn -0.500000 -0.707107 -0.500000
vn -0.392847 -0.707107 -0.587938
vn -0.270598 -0.707107 -0.653281
vn -0.137950 -0.707107 -0.693520
vn -0.000000 -0.707107 -0.707107
vn 0.137950 -0.707107 -0.693520
vn 0.270598 -0.707107 -0.653281
vn 0.392847 -0.707107 -0.587938
vn 0.500000 -0.707107 -0.500000
vn 0.587938 -0.707107 -0.392847
vn 0.653281 -0.707107 -0.270598
vn 0.693520 -0.707107 -0.137950
vn 0.707107 -0.707107 -0.000000
vn 0.758157 -0.634393 0.150807
vn 0.773010 -0.634393 0.000000
vn 0.714169 -0.634393 0.295818
vn 0.642735 -0.634393 0.429462
vn 0.546601 -0.634393 0.546601
vn 0.429462 -0.634393 0.642735
vn 0.295818 -0.634393 0.714169
vn 0.150807 -0.634393 0.758157
vn 0.000000 -0.634393 0.773010
vn -0.150807 -0.634393 0.758157
vn -0.295818 -0.634393 0.714169
vn -0.429462 -0.634393 0.642735
vn -0.546601 -0.634393 0.546601
vn -0.642735 -0.634393 0.429462
vn -0.714169 -0.634393 0.295818
vn -0.758157 -0.634393 0.150807
vn -0.773010 -0.634393 0.000000
vn -0.758157 -0.634393 -0.150807
vn -0.714169 -0.634393 -0.295818
vn -0.642735 -0.634393 -0.429462
vn -0.546601 -0.634393 -0.546601
vn -0.429462 -0.634393 -0.642735
vn -0.295818 -0.634393 -0.714169
vn -0.150807 -0.634393 -0.758157
vn -0.000000 -0.634393 -0.773010
vn 0.150807 -0.634393 -0.758157
vn 0.295818 -0.634393 -0.714169
vn 0.429462 -0.634393 -0.642735
vn 0.546601 -0.634393 -0.546601
vn 0.642735 -0.634393 -0.429462
vn 0.714169 -0.634393 -0.295818
vn 0.758157 -0.634393 -0.150807
vn 0.773010 -0.634393 -0.000000
vn 0.815493 -0.555570 0.162212
vn 0.831470 -0.555570 0.000000
vn 0.768178 -0.555570 0.318190
vn 0.691342 -0.555570 0.461940
vn 0.587938 -0.555570 0.587938
vn 0.461940 -0.555570 0.691342
vn 0.318190 -0.555570 0.768178
vn 0.162212 -0.555570 0.815493
vn 0.000000 -0.555570 0.831470
vn -0.162212 -0.555570 0.815493
vn -0.318190 -0.555570 0.768178
vn -0.461940 -0.555570 0.691342
vn -0.587938 -0.555570 0.587938
vn -0.691342 -0.555570 0.461940
vn -0.768178 -0.555570 0.318190
vn -0.815493 -0.555570 0.162212
vn -0.831470 -0.555570 0.000000
vn -0.815493 -0.555570 -0.162212
vn -0.768178 -0.555570 -0.318190
vn -0.691342 -0.555570 -0.461940
vn -0.587938 -0.555570 -0.587938
vn -0.461940 -0.555570 -0.691342
vn -0.318190 -0.555570 -0.768178
vn -0.162212 -0.555570 -0.815493
vn -0.000000 -0.555570 -0.831470
vn 0.162212 -0.555570 -0.815493
vn 0.318190 -0.555570 -0.768178
vn 0.461940 -0.555570 -0.691342
vn 0.587938 -0.555570 -0.587938
vn 0.691342 -0.555570 -0.461940
vn 0.768178 -0.555570 -0.318190
vn 0.815493 -0.555570 -0.162212
vn 0.831470 -0.555570 -0.000000
vn 0.864975 -0.471397 0.172054
vn 0.881921 -0.471397 0.000000
vn 0.814789 -0.471397 0.337497
vn 0.733291 -0.471397 0.489969
vn 0.623613 -0.471397 0.623613
vn 0.489969 -0.471397 0.733291
vn 0.337497 -0.471397 0.814789
vn 0.172054 -0.471397 0.864975
vn 0.000000 -0.471397 0.881921
vn -0.172054 -0.471397 0.864975
vn -0.337497 -0.471397 0.814789
vn -0.489969 -0.471397 0.733291
vn -0.623613 -0.471397 0.623613
vn -0.733291 -0.471397 0.489969
vn -0.814789 -0.471397 0.337497
vn -0.864975 -0.471397 0.172054
vn -0.881921 -0.471397 0.000000
vn -0.864975 -0.471397 -0.172054
vn -0.814789 -0.471397 -0.337497
vn -0.733291 -0.471397 -0.489969
vn -0.623613 -0.471397 -0.623613
vn -0.489969 -0.471397 -0.733291
vn -0.337497 -0.471397 -0.814789
vn -0.172054 -0.471397 -0.864975
vn -0.000000 -0.471397 -0.881921
vn 0.172054 -0.471397 -0.864975
vn 0.337497 -0.471397 -0.814789
vn 0.489969 -0.471397 -0.733291
vn 0.623613 -0.471397 -0.623613
vn 0.733291 -0.471397 -0.489969
vn 0.814789 -0.471397 -0.337497
vn 0.864975 -0.471397 -0.172054
vn 0.881921 -0.471397 -0.000000
vn 0.906127 -0.382683 0.180240
vn 0.923880 -0.382683 0.000000
vn 0.853553 -0.382683 0.353553
vn 0.768178 -0.382683 0.513280
vn 0.653281 -0.382683 0.653281
vn 0.513280 -0.382683 0.768178
vn 0.353553 -0.382683 0.853553
vn 0.180240 -0.382683 0.906127
vn 0.000000 -0.382683 0.923880
vn -0.180240 -0.382683 0.906127
vn -0.353553 -0.382683 0.853553
vn -0.513280 -0.382683 0.768178
vn -0.653281 -0.382683 0.653281
vn -0.768178 -0.382683 0.513280
vn -0.853553 -0.382683 0.353553
vn -0.906127 -0.382683 0.180240
vn -0.923880 -0.382683 0.000000
vn -0.906127 -0.382683 -0.180240
vn -0.853553 -0.382683 -0.353553
vn -0.768178 -0.382683 -0.513280
vn -0.653281 -0.382683 -0.653281
vn -0.513280 -0.382683 -0.768178
vn -0.353553 -0.382683 -0.853553
vn -0.180240 -0.382683 -0.906127
vn -0.000000 -0.382683 -0.923880
vn 0.180240 -0.382683 -0.906127
vn 0.353553 -0.382683 -0.853553
vn 0.513280 -0.382683 -0.768178
vn 0.653281 -0.382683 -0.653281
vn 0.768178 -0.382683 -0.513280
vn 0.853553 -0.382683 -0.353553
vn 0.906127 -0.382683 -0.180240
vn 0.923880 -0.382683 -0.000000
vn 0.938553 -0.290285 0.186690
vn 0.956940 -0.290285 0.000000
vn 0.884098 -0.290285 0.366205
vn 0.795667 -0.290285 0.531648
vn 0.676659 -0.290285 0.676659
vn 0.531648 -0.290285 0.795667
vn 0.366205 -0.290285 0.884098
vn 0.186690 -0.290285 0.938553
vn 0.000000 -0.290285 0.956940
vn -0.186690 -0.290285 0.938553
vn -0.366205 -0.290285 0.884098
vn -0.531648 -0.290285 0.795667
vn -0.676659 -0.290285 0.676659
vn -0.795667 -0.290285 0.531648
vn -0.884098 -0.290285 0.366205
vn -0.938553 -0.290285 0.186690
vn -0.956940 -0.290285 0.000000
vn -0.938553 -0.290285 -0.186690
vn -0.884098 -0.290285 -0.366205
vn -0.795667 -0.290285 -0.531648
vn -0.676659 -0.290285 -0.676659
vn -0.531648 -0.290285 -0.795667
vn -0.366205 -0.290285 -0.884098
vn -0.186690 -0.290285 -0.938553
vn -0.000000 -0.290285 -0.956940
vn 0.186690 -0.290285 -0.938553
vn 0.366205 -0.290285 -0.884098
vn 0.531648 -0.290285 -0.795667
vn 0.676659 -0.290285 -0.676659
vn 0.795667 -0.290285 -0.531648
vn 0.884098 -0.290285 -0.366205
vn 0.938553 -0.290285 -0.186690
vn 0.956940 -0.290285 -0.000000
vn 0.961940 -0.195090 0.191342
vn 0.980785 -0.195090 0.000000
vn 0.906127 -0.195090 0.375330
vn 0.815493 -0.195090 0.544895
vn 0.693520 -0.195090 0.693520
vn 0.544895 -0.195090 0.815493
vn 0.375330 -0.195090 0.906127
vn 0.191342 -0.195090 0.961940
vn 0.000000 -0.195090 0.980785
vn -0.191342 -0.195090 0.961940
vn -0.375330 -0.195090 0.906127
vn -0.544895 -0.195090 0.815493
vn -0.693520 -0.195090 0.693520
vn -0.815493 -0.195090 0.544895
vn -0.906127 -0.195090 0.375330
vn -0.961940 -0.195090 0.191342
vn -0.980785 -0.195090 0.000000
vn -0.961940 -0.195090 -0.191342
vn -0.906127 -0.195090 -0.375330
vn -0.815493 -0.195090 -0.544895
vn -0.693520 -0.195090 -0.693520
vn -0.544895 -0.195090 -0.815493
vn -0.375330 -0.195090 -0.906127
vn -0.191342 -0.195090 -0.961940
vn -0.000000 -0.195090 -0.980785
vn 0.191342 -0.195090 -0.961940
vn 0.375330 -0.195090 -0.906127
vn 0.544895 -0.195090 -0.815493
vn 0.693520 -0.195090 -0.693520
vn 0.815493 -0.195090 -0.544895
vn 0.906127 -0.195090 -0.375330
vn 0.961940 -0.195090 -0.191342
vn 0.980785 -0.195090 -0.000000
vn 0.976063 -0.098017 0.194151
vn 0.995185 -0.098017 0.000000
vn 0.919431 -0.098017 0.380841
vn 0.827466 -0.098017 0.552895
vn 0.703702 -0.098017 0.703702
vn 0.552895 -0.098017 0.827466
vn 0.380841 -0.098017 0.919431
vn 0.194151 -0.098017 0.976063
vn 0.000000 -0.098017 0.995185
vn -0.194151 -0.098017 0.976063
vn -0.380841 -0.098017 0.919431
vn -0.552895 -0.098017 0.827466
vn -0.703702 -0.098017 0.703702
vn -0.827466 -0.098017 0.552895
vn -0.919431 -0.098017 0.380841
vn -0.976063 -0.098017 0.194151
vn -0.995185 -0.098017 0.000000
vn -0.976063 -0.098017 -0.194151
vn -0.919431 -0.098017 -0.380841
vn -0.827466 -0.098017 -0.552895
vn -0.703702 -0.098017 -0.703702
vn -0.552895 -0.098017 -0.827466
vn -0.380841 -0.098017 -0.919431
vn -0.194151 -0.098017 -0.976063
vn -0.000000 -0.098017 -0.995185
vn 0.194151 -0.098017 -0.976063
vn 0.380841 -0.098017 -0.919431
vn 0.552895 -0.098017 -0.827466
vn 0.703702 -0.098017 -0.703702
vn 0.827466 -0.098017 -0.552895
vn 0.919431 -0.098017 -0.380841
vn 0.976063 -0.098017 -0.194151
vn 0.995185 -0.098017 -0.000000
vn 0.980785 0.000000 0.195090
vn 1.000000 0.000000 0.000000
vn 0.923880 0.000000 0.382683
vn 0.831470 0.000000 0.555570
vn 0.707107 0.000000 0.707107
vn 0.555570 0.000000 0.831470
vn 0.382683 0.000000 0.923880
vn 0.195090 0.000000 0.980785
vn 0.000000 0.000000 1.000000
vn -0.195090 0.000000 0.980785
vn -0.382683 0.000000 0.923880
vn -0.555570 0.000000 0.831470
vn -0.707107 0.000000 0.707107
vn -0.831470 0.000000 0.555570
vn -0.923880 0.000000 0.382683
vn -0.980785 0.000000 0.195090
vn -1.000000 0.000000 0.000000
vn -0.980785 0.000000 -0.195090
vn -0.923880 0.000000 -0.382683
vn -0.831470 0.000000 -0.555570
vn -0.707107 0.000000 -0.707107
vn -0.555570 0.000000 -0.831470
vn -0.382683 0.000000 -0.923880
vn -0.195090 0.000000 -0.980785
vn -0.000000 0.000000 -1.000000
vn 0.195090 0.000000 -0.980785
vn 0.382683 0.000000 -0.923880
vn 0.555570 0.000000 -0.831470
vn 0.707107 0.000000 -0.707107
vn 0.831470 0.000000 -0.555570
vn 0.923880 0.000000 -0.382683
vn 0.980785 0.000000 -0.195090
vn 1.000000 0.000000 -0.000000
vn 1.000000 0.000000 0.000000
vn 0.980785 0.000000 0.195090
vn 0.980785 0.000000 0.195090
vn 1.000000 0.000000 0.000000
vn 0.980785 0.000000 0.195090
vn 0.923880 0.000000 0.382683
vn 0.923880 0.000000 0.382683
vn 0.980785 0.000000 0.195090
vn 0.923880 0.000000 0.382683
vn 0.831470 0.000000 0.555570
vn 0.831470 0.000000 0.555570
vn 0.923880 0.000000 0.382683
vn 0.831470 0.000000 0.555570
vn 0.707107 0.000000 0.707107
vn 0.707107 0.000000 0.707107
vn 0.831470 0.000000 0.555570
vn 0.707107 0.000000 0.707107
vn 0.555570 0.000000 0.831470
vn 0.555570 0.000000 0.831470
vn 0.707107 0.000000 0.707107
vn 0.555570 0.000000 0.831470
vn 0.382683 0.000000 0.923880
vn 0.382683 0.000000 0.923880
vn 0.555570 0.000000 0.831470
vn 0.382683 0.000000 0.923880
vn 0.195090 0.000000 0.980785
vn 0.195090 0.000000 0.980785
vn 0.382683 0.000000 0.923880
vn 0.195090 0.000000 0.980785
vn 0.000000 0.000000 1.000000
vn 0.000000 0.000000 1.000000
vn 0.195090 0.000000 0.980785
vn 0.000000 0.000000 1.000000
vn -0.195090 0.000000 0.980785
vn -0.195090 0.000000 0.980785
vn 0.000000 0.000000 1.000000
vn -0.195090 0.000000 0.980785
vn -0.382683 0.000000 0.923880
vn -0.382683 0.000000 0.923880
vn -0.195090 0.000000 0.980785
vn -0.382683 0.000000 0.923880
vn -0.555570 0.000000 0.831470
vn -0.555570 0.000000 0.831470
vn -0.382683 0.000000 0.923880
vn -0.555570 0.000000 0.831470
vn -0.707107 0.000000 0.707107
vn -0.707107 0.000000 0.707107
vn -0.555570 0.000000 0.831470
vn -0.707107 0.000000 0.707107
vn -0.831470 0.000000 0.555570
vn -0.831470 0.000000 0.555570
vn -0.707107 0.000000 0.707107
vn -0.831470 0.000000 0.555570
vn -0.923880 0.000000 0.382683
vn -0.923880 0.000000 0.382683
vn -0.831470 0.000000 0.555570
vn -0.923880 0.000000 0.382683
vn -0.980785 0.000000 0.195090
vn -0.980785 0.000000 0.195090
vn -0.923880 0.000000 0.382683
vn -0.980785 0.000000 0.195090
vn -1.000000 0.000000 0.000000
vn -1.000000 0.000000 0.000000
vn -0.980785 0.000000 0.195090
vn -1.000000 0.000000 0.000000
vn -0.980785 0.000000 -0.195090
vn -0.980785 0.000000 -0.195090
vn -1.000000 0.000000 0.000000
vn -0.980785 0.000000 -0.195090
vn -0.923880 0.000000 -0.382683
vn -0.923880 0.000000 -0.382683
vn -0.980785 0.000000 -0.195090
vn -0.923880 0.000000 -0.382683
vn -0.831470 0.000000 -0.555570
vn -0.831470 0.000000 -0.555570
vn -0.923880 0.000000 -0.382683
vn -0.831470 0.000000 -0.555570
vn -0.707107 0.000000 -0.707107
vn -0.707107 0.000000 -0.707107
vn -0.831470 0.000000 -0.555570
vn -0.707107 0.000000 -0.707107
vn -0.555570 0.000000 -0.831470
vn -0.555570 0.000000 -0.831470
vn -0.707107 0.000000 -0.707107
vn -0.555570 0.000000 -0.831470
vn -0.382683 0.000000 -0.923880
vn -0.382683 0.000000 -0.923880
vn -0.555570 0.000000 -0.831470
vn -0.382683 0.000000 -0.923880
vn -0.195090 0.000000 -0.980785
vn -0.195090 0.000000 -0.980785
vn -0.382683 0.000000 -0.923880
vn -0.195090 0.000000 -0.980785
vn -0.000000 0.000000 -1.000000
vn -0.000000 0.000000 -1.000000
vn -0.195090 0.000000 -0.980785
vn -0.000000 0.000000 -1.000000
vn 0.195090 0.000000 -0.980785
vn 0.195090 0.000000 -0.980785
vn -0.000000 0.000000 -1.000000
vn 0.195090 0.000000 -0.980785
vn 0.382683 0.000000 -0.923880
vn 0.382683 0.000000 -0.923880
vn 0.195090 0.000000 -0.980785
vn 0.382683 0.000000 -0.923880
vn 0.555570 0.000000 -0.831470
vn 0.555570 0.000000 -0.831470
vn 0.382683 0.000000 -0.923880
vn 0.555570 0.000000 -0.831470
vn 0.707107 0.000000 -0.707107
vn 0.707107 0.000000 -0.707107
vn 0.555570 0.000000 -0.831470
vn 0.707107 0.000000 -0.707107
vn 0.831470 0.000000 -0.555570
vn 0.831470 0.000000 -0.555570
vn 0.707107 0.000000 -0.707107
vn 0.831470 0.000000 -0.555570
vn 0.923880 0.000000 -0.382683
vn 0.923880 0.000000 -0.382683
vn 0.831470 0.000000 -0.555570
vn 0.923880 0.000000 -0.382683
vn 0.980785 0.000000 -0.195090
vn 0.980785 0.000000 -0.195090
vn 0.923880 0.000000 -0.382683
vn 0.980785 0.000000 -0.195090
vn 1.000000 0.000000 -0.000000
vn 1.000000 0.000000 -0.000000
vn 0.980785 0.000000 -0.195090
usemtl DefaultMaterial
f 1/1/1 3/3/3 4/4/4
f 2/2/2 6/6/6 3/3/3
f 5/5/5 8/8/8 6/6/6
f 7/7/7 10/10/10 8/8/8
f 9/9/9 12/12/12 10/10/10
f 11/11/11 14/14/14 12/12/12
f 13/13/13 16/16/16 14/14/14
f 15/15/15 18/18/18 16/16/16
f 17/17/17 20/20/20 18/18/18
f 19/19/19 22/22/22 20/20/20
f 21/21/21 24/24/24 22/22/22
f 23/23/23 26/26/26 24/24/24
f 25/25/25 28/28/28 26/26/26
f 27/27/27 30/30/30 28/28/28
f 29/29/29 32/32/32 30/30/30
f 31/31/31 34/34/34 32/32/32
f 33/33/33 36/36/36 34/34/34
f 35/35/35 38/38/38 36/36/36
f 37/37/37 40/40/40 38/38/38
f 39/39/39 42/42/42 40/40/40
f 41/41/41 44/44/44 42/42/42
f 43/43/43 46/46/46 44/44/44
f 45/45/45 48/48/48 46/46/46
f 47/47/47 50/50/50 48/48/48
f 49/49/49 52/52/52 50/50/50
f 51/51/51 54/54/54 52/52/52
f 53/53/53 56/56/56 54/54/54
f 55/55/55 58/58/58 56/56/56
f 57/57/57 60/60/60 58/58/58
f 59/59/59 62/62/62 60/60/60
f 61/61/61 64/64/64 62/62/62
f 63/63/63 66/66/66 64/64/64
f 4/4/4 3/3/3 67/67/67
f 4/4/4 67/67/67 68/68/68
f 3/3/3 6/6/6 69/69/69
f 3/3/3 69/69/69 67/67/67
f 6/6/6 8/8/8 70/70/70
f 6/6/6 70/70/70 69/69/69
f 8/8/8 10/10/10 71/71/71
f 8/8/8 71/71/71 70/70/70
f 10/10/10 12/12/12 72/72/72
f 10/10/10 72/72/72 71/71/71
f 12/12/12 14/14/14 73/73/73
f 12/12/12 73/73/73 72/72/72
f 14/14/14 16/16/16 74/74/74
f 14/14/14 74/74/74 73/73/73
f 16/16/16 18/18/18 75/75/75
f 16/16/16 75/75/75 74/74/74
f 18/18/18 20/20/20 76/76/76
f 18/18/18 76/76/76 75/75/75
f 20/20/20 22/22/22 77/77/77
f 20/20/20 77/77/77 76/76/76
f 22/22/22 24/24/24 78/78/78
f 22/22/22 78/78/78 77/77/77
f 24/24/24 26/26/26 79/79/79
f 24/24/24 79/79/79 78/78/78
f 26/26/26 28/28/28 80/80/80
f 26/26/26 80/80/80 79/79/79
f 28/28/28 30/30/30 81/81/81
f 28/28/28 81/81/81 80/80/80
f 30/30/30 32/32/32 82/82/82
f 30/30/30 82/82/82 81/81/81
f 32/32/32 34/34/34 83/83/83
f 32/32/32 83/83/83 82/82/82
f 34/34/34 36/36/36 84/84/84
f 34/34/34 84/84/84 83/83/83
f 36/36/36 38/38/38 85/85/85
f 36/36/36 85/85/85 84/84/84
f 38/38/38 40/40/40 86/86/86
f 38/38/38 86/86/86 85/85/85
f 40/40/40 42/42/42 87/87/87
f 40/40/40 87/87/87 86/86/86
f 42/42/42 44/44/44 88/88/88
f 42/42/42 88/88/88 87/87/87
f 44/44/44 46/46/46 89/89/89
f 44/44/44 89/89/89 88/88/88
f 46/46/46 48/48/48 90/90/90
f 46/46/46 90/90/90 89/89/89
f 48/48/48 50/50/50 91/91/91
f 48/48/48 91/91/91 90/90/90
f 50/50/50 52/52/52 92/92/92
f 50/50/50 92/92/92 91/91/91
f 52/52/52 54/54/54 93/93/93
f 52/52/52 93/93/93 92/92/92
f 54/54/54 56/56/56 94/94/94
f 54/54/54 94/94/94 93/93/93
f 56/56/56 58/58/58 95/95/95
f 56/56/56 95/95/95 94/94/94
f 58/58/58 60/60/60 96/96/96
f 58/58/58 96/96/96 95/95/95
f 60/60/60 62/62/62 97/97/97
f 60/60/60 97/97/97 96/96/96
f 62/62/62 64/64/64 98/98/98
f 62/62/62 98/98/98 97/97/97
f 64/64/64 66/66/66 99/99/99
f 64/64/64 99/99/99 98/98/98
f 68/68/68 67/67/67 100/100/100
f 68/68/68 100/100/100 101/101/101
f 67/67/67 69/69/69 102/102/102
f 67/67/67 102/102/102 100/100/100
f 69/69/69 70/70/70 103/103/103
f 69/69/69 103/103/103 102/102/102
f 70/70/70 71/71/71 104/104/104
f 70/70/70 104/104/104 103/103/103
f 71/71/71 72/72/72 105/105/105
f 71/71/71 105/105/105 104/104/104
f 72/72/72 73/73/73 106/106/106
f 72/72/72 106/106/106 105/105/105
f 73/73/73 74/74/74 107/107/107
f 73/73/73 107/107/107 106/106/106
f 74/74/74 75/75/75 108/108/108
f 74/74/74 108/108/108 107/107/107
f 75/75/75 76/76/76 109/109/109
f 75/75/75 109/109/109 108/108/108
f 76/76/76 77/77/77 110/110/110
f 76/76/76 110/110/110 109/109/109
f 77/77/77 78/78/78 111/111/111
f 77/77/77 111/111/111 110/110/110
f 78/78/78 79/79/79 112/112/112
f 78/78/78 112/112/112 111/111/111
f 79/79/79 80/80/80 113/113/113
f 79/79/79 113/113/113 112/112/112
f 80/80/80 81/81/81 114/114/114
f 80/80/80 114/114/114 113/113/113
f 81/81/81 82/82/82 115/115/115
f 81/81/81 115/115/115 114/114/114
f 82/82/82 83/83/83 116/116/116
f 82/82/82 116/116/116 115/115/115
f 83/83/83 84/84/84 117/117/117
f 83/83/83 117/117/117 116/116/116
f 84/84/84 85/85/85 118/118/118
f 84/84/84 118/118/118 117/117/117
f 85/85/85 86/86/86 119/119/119
f 85/85/85 119/119/119 118/118/118
f 86/86/86 87/87/87 120/120/120
f 86/86/86 120/120/120 119/119/119
f 87/87/87 88/88/88 121/121/121
f 87/87/87 121/121/121 120/120/120
f 88/88/88 89/89/89 122/122/122
f 88/88/88 122/122/122 121/121/121
f 89/89/89 90/90/90 123/123/123
f 89/89/89 123/123/123 122/122/122
f 90/90/90 91/91/91 124/124/124
f 90/90/90 124/124/124 123/123/123
f 91/91/91 92/92/92 125/125/125
f 91/91/91 125/125/125 124/124/124
f 92/92/92 93/93/93 126/126/126
f 92/92/92 126/126/126 125/125/125
f 93/93/93 94/94/94 127/127/127
f 93/93/93 127/127/127 126/126/126
f 94/94/94 95/95/95 128/128/128
f 94/94/94 128/128/128 127/127/127
f 95/95/95 96/96/96 129/129/129
f 95/95/95 129/129/129 128/128/128
f 96/96/96 97/97/97 130/130/130
f 96/96/96 130/130/130 129/129/129
f 97/97/97 98/98/98 131/131/131
f 97/97/97 131/131/131 130/130/130
f 98/98/98 99/99/99 132/132/132
f 98/98/98 132/132/132 131/131/131
f 101/101/101 100/100/100 133/133/133
f 101/101/101 133/133/133 134/134/134
f 100/100/100 102/102/102 135/135/135
f 100/100/100 135/135/135 133/133/133
f 102/102/102 103/103/103 136/136/136
f 102/102/102 136/136/136 135/135/135
f 103/103/103 104/104/104 137/137/137
f 103/103/103 137/137/137 136/136/136
f 104/104/104 105/105/105 138/138/138
f 104/104/104 138/138/138 137/137/137
f 105/105/105 106/106/106 139/139/139
f 105/105/105 139/139/139 138/138/138
f 106/106/106 107/107/107 140/140/140
f 106/106/106 140/140/140 139/139/139
f 107/107/107 108/108/108 141/141/141
f 107/107/107 141/141/141 140/140/140
f 108/108/108 109/109/109 142/142/142
f 108/108/108 142/142/142 141/141/141
f 109/109/109 110/110/110 143/143/143
f 109/109/109 143/143/143 142/142/142
f 110/110/110 111/111/111 144/144/144
f 110/110/110 144/144/144 143/143/143
f 111/111/111 112/112/112 145/145/145
f 111/111/111 145/145/145 144/144/144
f 112/112/112 113/113/113 146/146/146
f 112/112/112 146/146/146 145/145/145
f 113/113/113 114/114/114 147/147/147
f 113/113/113 147/147/147 146/146/146
f 114/114/114 115/115/115 148/148/148
f 114/114/114 148/148/148 147/147/147
f 115/115/115 116/116/116 149/149/149
f 115/115/115 149/149/149 148/148/148
f 116/116/116 117/117/117 150/150/150
f 116/116/116 150/150/150 149/149/149
f 117/117/117 118/118/118 151/151/151
f 117/117/117 151/151/151 150/150/150
f 118/118/118 119/119/119 152/152/152
f 118/118/118 152/152/152 151/151/151
f 119/119/119 120/120/120 153/153/153
f 119/119/119 153/153/153 152/152/152
f 120/120/120 121/121/121 154/154/154
f 120/120/120 154/154/154 153/153/153
f 121/121/121 122/122/122 155/155/155
f 121/121/121 155/155/155 154/154/154
f 122/122/122 123/123/123 156/156/156
f 122/122/122 156/156/156 155/155/155
f 123/123/123 124/124/124 157/157/157
f 123/123/123 157/157/157 156/156/156
f 124/124/124 125/125/125 158/158/158
f 124/124/124 158/158/158 157/157/157
f 125/125/125 126/126/126 159/159/159
f 125/125/125 159/159/159 158/158/158
f 126/126/126 127/127/127 160/160/160
f 126/126/126 160/160/160 159/159/159
f 127/127/127 128/128/128 161/161/161
f 127/127/127 161/161/161 160/160/160
f 128/128/128 129/129/129 162/162/162
f 128/128/128 162/162/162 161/161/161
f 129/129/129 130/130/130 163/163/163
f 129/129/129 163/163/163 162/162/162
f 130/130/130 131/131/131 164/164/164
f 130/130/130 164/164/164 163/163/163
f 131/131/131 132/132/132 165/165/165
f 131/131/131 165/165/165 164/164/164
f 134/134/134 133/133/133 166/166/166
f 134/134/134 166/166/166 167/167/167
f 133/133/133 135/135/135 168/168/168
f 133/133/133 168/168/168 166/166/166
f 135/135/135 136/136/136 169/169/169
f 135/135/135 169/169/169 168/168/168
f 136/136/136 137/137/137 170/170/170
f 136/136/136 170/170/170 169/169/169
f 137/137/137 138/138/138 171/171/171
f 137/137/137 171/171/171 170/170/170
f 138/138/138 139/139/139 172/172/172
f 138/138/138 172/172/172 171/171/171
f 139/139/139 140/140/140 173/173/173
f 139/139/139 173/173/173 172/172/172
f 140/140/140 141/141/141 174/174/174
f 140/140/140 174/174/174 173/173/173
f 141/141/141 142/142/142 175/175/175
f 141/141/141 175/175/175 174/174/174
f 142/142/142 143/143/143 176/176/176
f 142/142/142 176/176/176 175/175/175
f 143/143/143 144/144/144 177/177/177
f 143/143/143 177/177/177 176/176/176
f 144/144/144 145/145/145 178/178/178
f 144/144/144 178/178/178 177/177/177
f 145/145/145 146/146/146 179/179/179
f 145/145/145 179/179/179 178/178/178
f 146/146/146 147/147/147 180/180/180
f 146/146/146 180/180/180 179/179/179
f 147/147/147 148/148/148 181/181/181
f 147/147/147 181/181/181 180/180/180
f 148/148/148 149/149/149 182/182/182
f 148/148/148 182/182/182 181/181/181
f 149/149/149 150/150/150 183/183/183
f 149/149/149 183/183/183 182/182/182
f 150/150/150 151/151/151 184/184/184
f 150/150/150 184/184/184 183/183/183
f 151/151/151 152/152/152 185/185/185
f 151/151/151 185/185/185 184/184/184
f 152/152/152 153/153/153 186/186/186
f 152/152/152 186/186/186 185/185/185
f 153/153/153 154/154/154 187/187/187
f 153/153/153 187/187/187 186/186/186
f 154/154/154 155/155/155 188/188/188
f 154/154/154 188/188/188 187/187/187
f 155/155/155 156/156/156 189/189/189
f 155/155/155 189/189/189 188/188/188
f 156/156/156 157/157/157 190/190/190
f 156/156/156 190/190/190 189/189/189
f 157/157/157 158/158/158 191/191/191
f 157/157/157 191/191/191 190/190/190
f 158/158/158 159/159/159 192/192/192
f 158/158/158 192/192/192 191/191/191
f 159/159/159 160/160/160 193/193/193
f 159/159/159 193/193/193 192/192/192
f 160/160/160 161/161/161 194/194/194
f 160/160/160 194/194/194 193/193/193
f 161/161/161 162/162/162 195/195/195
f 161/161/161 195/195/195 194/194/194
f 162/162/162 163/163/163 196/196/196
f 162/162/162 196/196/196 195/195/195
f 163/163/163 164/164/164 197/197/197
f 163/163/163 197/197/197 196/196/196
f 164/164/164 165/165/165 198/198/198
f 164/164/164 198/198/198 197/197/197
f 167/167/167 166/166/166 199/199/199
f 167/167/167 199/199/199 200/200/200
f 166/166/166 168/168/168 201/201/201
f 166/166/166 201/201/201 199/199/199
f 168/168/168 169/169/169 202/202/202
f 168/168/168 202/202/202 201/201/201
f 169/169/169 170/170/170 203/203/203
f 169/169/169 203/203/203 202/202/202
f 170/170/170 171/171/171 204/204/204
f 170/170/170 204/204/204 203/203/203
f 171/171/171 172/172/172 205/205/205
f 171/171/171 205/205/205 204/204/204
f 172/172/172 173/173/173 206/206/206
f 172/172/172 206/206/206 205/205/205
f 173/173/173 174/174/174 207/207/207
f 173/173/173 207/207/207 206/206/206
f 174/174/174 175/175/175 208/208/208
f 174/174/174 208/208/208 207/207/207
f 175/175/175 176/176/176 209/209/209
f 175/175/175 209/209/209 208/208/208
f 176/176/176 177/177/177 210/210/210
f 176/176/176 210/210/210 209/209/209
f 177/177/177 178/178/178 211/211/211
f 177/177/177 211/211/211 210/210/210
f 178/178/178 179/179/179 212/212/212
f 178/178/178 212/212/212 211/211/211
f 179/179/179 180/180/180 213/213/213
f 179/179/179 213/213/213 212/212/212
f 180/180/180 181/181/181 214/214/214
f 180/180/180 214/214/214 213/213/213
f 181/181/181 182/182/182 215/215/215
f 181/181/181 215/215/215 214/214/214
f 182/182/182 183/183/183 216/216/216
f 182/182/182 216/216/216 215/215/215
f 183/183/183 184/184/184 217/217/217
f 183/183/183 217/217/217 216/216/216
f 184/184/184 185/185/185 218/218/218
f 184/184/184 218/218/218 217/217/217
f 185/185/185 186/186/186 219/219/219
f 185/185/185 219/219/219 218/218/218
f 186/186/186 187/187/187 220/220/220
f 186/186/186 220/220/220 219/219/219
f 187/187/187 188/188/188 221/221/221
f 187/187/187 221/221/221 220/220/220
f 188/188/188 189/189/189 222/222/222
f 188/188/188 222/222/222 221/221/221
f 189/189/189 190/190/190 223/223/223
f 189/189/189 223/223/223 222/222/222
f 190/190/190 191/191/191 224/224/224
f 190/190/190 224/224/224 223/223/223
f 191/191/191 192/192/192 225/225/225
f 191/191/191 225/225/225 224/224/224
f 192/192/192 193/193/193 226/226/226
f 192/192/192 226/226/226 225/225/225
f 193/193/193 194/194/194 227/227/227
f 193/193/193 227/227/227 226/226/226
f 194/194/194 195/195/195 228/228/228
f 194/194/194 228/228/228 227/227/227
f 195/195/195 196/196/196 229/229/229
f 195/195/195 229/229/229 228/228/228
f 196/196/196 197/197/197 230/230/230
f 196/196/196 230/230/230 229/229/229
f 197/197/197 198/198/198 231/231/231
f 197/197/197 231/231/231 230/230/230
f 200/200/200 199/199/199 232/232/232
f 200/200/200 232/232/232 233/233/233
f 199/199/199 201/201/201 234/234/234
f 199/199/199 234/234/234 232/232/232
f 201/201/201 202/202/202 235/235/235
f 201/201/201 235/235/235 234/234/234
f 202/202/202 203/203/203 236/236/236
f 202/202/202 236/236/236 235/235/235
f 203/203/203 204/204/204 237/237/237
f 203/203/203 237/237/237 236/236/236
f 204/204/204 205/205/205 238/238/238
f 204/204/204 238/238/238 237/237/237
f 205/205/205 206/206/206 239/239/239
f 205/205/205 239/239/239 238/238/238
f 206/206/206 207/207/207 240/240/240
f 206/206/206 240/240/240 239/239/239
f 207/207/207 208/208/208 241/241/241
f 207/207/207 241/241/241 240/240/240
f 208/208/208 209/209/209 242/242/242
f 208/208/208 242/242/242 241/241/241
f 209/209/209 210/210/210 243/243/243
f 209/209/209 243/243/243 242/242/242
f 210/210/210 211/211/211 244/244/244
f 210/210/210 244/244/244 243/243/243
f 211/211/211 212/212/212 245/245/245
f 211/211/211 245/245/245 244/244/244
f 212/212/212 213/213/213 246/246/246
f 212/212/212 246/246/246 245/245/245
f 213/213/213 214/214/214 247/247/247
f 213/213/213 247/247/247 246/246/246
f 214/214/214 215/215/215 248/248/248
f 214/214/214 248/248/248 247/247/247
f 215/215/215 216/216/216 249/249/249
f 215/215/215 249/249/249 248/248/248
f 216/216/216 217/217/217 250/250/250
f 216/216/216 250/250/250 249/249/249
f 217/217/217 218/218/218 251/251/251
f 217/217/217 251/251/251 250/250/250
f 218/218/218 219/219/219 252/252/252
f 218/218/218 252/252/252 251/251/251
f 219/219/219 220/220/220 253/253/253
f 219/219/219 253/253/253 252/252/252
f 220/220/220 221/221/221 254/254/254
f 220/220/220 254/254/254 253/253/253
f 221/221/221 222/222/222 255/255/255
f 221/221/221 255/255/255 254/254/254
f 222/222/222 223/223/223 256/256/256
f 222/222/222 256/256/256 255/255/255
f 223/223/223 224/224/224 257/257/257
f 223/223/223 257/257/257 256/256/256
f 224/224/224 225/225/225 258/258/258
f 224/224/224 258/258/258 257/257/257
f 225/225/225 226/226/226 259/259/259
f 225/225/225 259/259/259 258/258/258
f 226/226/226 227/227/227 260/260/260
f 226/226/226 260/260/260 259/259/259
f 227/227/227 228/228/228 261/261/261
f 227/227/227 261/261/261 260/260/260
f 228/228/228 229/229/229 262/262/262
f 228/228/228 262/262/262 261/261/261
f 229/229/229 230/230/230 263/263/263
f 229/229/229 263/263/263 262/262/262
f 230/230/230 231/231/231 264/264/264
f 230/230/230 264/264/264 263/263/263
f 233/233/233 232/232/232 265/265/265
f 233/233/233 265/265/265 266/266/266
f 232/232/232 234/234/234 267/267/267
f 232/232/232 267/267/267 265/265/265
f 234/234/234 235/235/235 268/268/268
f 234/234/234 268/268/268 267/267/267
f 235/235/235 236/236/236 269/269/269
f 235/235/235 269/269/269 268/268/268
f 236/236/236 237/237/237 270/270/270
f 236/236/236 270/270/270 269/269/269
f 237/237/237 238/238/238 271/271/271
f 237/237/237 271/271/271 270/270/270
f 238/238/238 239/239/239 272/272/272
f 238/238/238 272/272/272 271/271/271
f 239/239/239 240/240/240 273/273/273
f 239/239/239 273/273/273 272/272/272
f 240/240/240 241/241/241 274/274/274
f 240/240/240 274/274/274 273/273/273
f 241/241/241 242/242/242 275/275/275
f 241/241/241 275/275/275 274/274/274
f 242/242/242 243/243/243 276/276/276
f 242/242/242 276/276/276 275/275/275
f 243/243/243 244/244/244 277/277/277
f 243/243/243 277/277/277 276/276/276
f 244/244/244 245/245/245 278/278/278
f 244/244/244 278/278/278 277/277/277
f 245/245/245 246/246/246 279/279/279
f 245/245/245 279/279/279 278/278/278
f 246/246/246 247/247/247 280/280/280
f 246/246/246 280/280/280 279/279/279
f 247/247/247 248/248/248 281/281/281
f 247/247/247 281/281/281 280/280/280
f 248/248/248 249/249/249 282/282/282
f 248/248/248 282/282/282 281/281/281
f 249/249/249 250/250/250 283/283/283
f 249/249/249 283/283/283 282/282/282
f 250/250/250 251/251/251 284/284/284
f 250/250/250 284/284/284 283/283/283
f 251/251/251 252/252/252 285/285/285
f 251/251/251 285/285/285 284/284/284
f 252/252/252 253/253/253 286/286/286
f 252/252/252 286/286/286 285/285/285
f 253/253/253 254/254/254 287/287/287
f 253/253/253 287/287/287 286/286/286
f 254/254/254 255/255/255 288/288/288
f 254/254/254 288/288/288 287/287/287
f 255/255/255 256/256/256 289/289/289
f 255/255/255 289/289/289 288/288/288
f 256/256/256 257/257/257 290/290/290
f 256/256/256 290/290/290 289/289/289
f 257/257/257 258/258/258 291/291/291
f 257/257/257 291/291/291 290/290/290
f 258/258/258 259/259/259 292/292/292
f 258/258/258 292/292/292 291/291/291
f 259/259/259 260/260/260 293/293/293
f 259/259/259 293/293/293 292/292/292
f 260/260/260 261/261/261 294/294/294
f 260/260/260 294/294/294 293/293/293
f 261/261/261 262/262/262 295/295/295
f 261/261/261 295/295/295 294/294/294
f 262/262/262 263/263/263 296/296/296
f 262/262/262 296/296/296 295/295/295
f 263/263/263 264/264/264 297/297/297
f 263/263/263 297/297/297 296/296/296
f 266/266/266 265/265/265 298/298/298
f 266/266/266 298/298/298 299/299/299
f 265/265/265 267/267/267 300/300/300
f 265/265/265 300/300/300 298/298/298
f 267/267/267 268/268/268 301/301/301
f 267/267/267 301/301/301 300/300/300
f 268/268/268 269/269/269 302/302/302
f 268/268/268 302/302/302 301/301/301
f 269/269/269 270/270/270 303/303/303
f 269/269/269 303/303/303 302/302/302
f 270/270/270 271/271/271 304/304/304
f 270/270/270 304/304/304 303/303/303
f 271/271/271 272/272/272 305/305/305
f 271/271/271 305/305/305 304/304/304
f 272/272/272 273/273/273 306/306/306
f 272/272/272 306/306/306 305/305/305
f 273/273/273 274/274/274 307/307/307
f 273/273/273 307/307/307 306/306/306
f 274/274/274 275/275/275 308/308/308
f 274/274/274 308/308/308 307/307/307
f 275/275/275 276/276/276 309/309/309
f 275/275/275 309/309/309 308/308/308
f 276/276/276 277/277/277 310/310/310
f 276/276/276 310/310/310 309/309/309
f 277/277/277 278/278/278 311/311/311
f 277/277/277 311/311/311 310/310/310
f 278/278/278 279/279/279 312/312/312
f 278/278/278 312/312/312 311/311/311
f 279/279/279 280/280/280 313/313/313
f 279/279/279 313/313/313 312/312/312
f 280/280/280 281/281/281 314/314/314
f 280/280/280 314/314/314 313/313/313
f 281/281/281 282/282/282 315/315/315
f 281/281/281 315/315/315 314/314/314
f 282/282/282 283/283/283 316/316/316
f 282/282/282 316/316/316 315/315/315
f 283/283/283 284/284/284 317/317/317
f 283/283/283 317/317/317 316/316/316
f 284/284/284 285/285/285 318/318/318
f 284/284/284 318/318/318 317/317/317
f 285/285/285 286/286/286 319/319/319
f 285/285/285 319/319/319 318/318/318
f 286/286/286 287/287/287 320/320/320
f 286/286/286 320/320/320 319/319/319
f 287/287/287 288/288/288 321/321/321
f 287/287/287 321/321/321 320/320/320
f 288/288/288 289/289/289 322/322/322
f 288/288/288 322/322/322 321/321/321
f 289/289/289 290/290/290 323/323/323
f 289/289/289 323/323/323 322/322/322
f 290/290/290 291/291/291 324/324/324
f 290/290/290 324/324/324 323/323/323
f 291/291/291 292/292/292 325/325/325
f 291/291/291 325/325/325 324/324/324
f 292/292/292 293/293/293 326/326/326
f 292/292/292 326/326/326 325/325/325
f 293/293/293 294/294/294 327/327/327
f 293/293/293 327/327/327 326/326/326
f 294/294/294 295/295/295 328/328/328
f 294/294/294 328/328/328 327/327/327
f 295/295/295 296/296/296 329/329/329
f 295/295/295 329/329/329 328/328/328
f 296/296/296 297/297/297 330/330/330
f 296/296/296 330/330/330 329/329/329
f 299/299/299 298/298/298 331/331/331
f 299/299/299 331/331/331 332/332/332
f 298/298/298 300/300/300 333/333/333
f 298/298/298 333/333/333 331/331/331
f 300/300/300 301/301/301 334/334/334
f 300/300/300 334/334/334 333/333/333
f 301/301/301 302/302/302 335/335/335
f 301/301/301 335/335/335 334/334/334
f 302/302/302 303/303/303 336/336/336
f 302/302/302 336/336/336 335/335/335
f 303/303/303 304/304/304 337/337/337
f 303/303/303 337/337/337 336/336/336
f 304/304/304 305/305/305 338/338/338
f 304/304/304 338/338/338 337/337/337
f 305/305/305 306/306/306 339/339/339
f 305/305/305 339/339/339 338/338/338
f 306/306/306 307/307/307 340/340/340
f 306/306/306 340/340/340 339/339/339
f 307/307/307 308/308/308 341/341/341
f 307/307/307 341/341/341 340/340/340
f 308/308/308 309/309/309 342/342/342
f 308/308/308 342/342/342 341/341/341
f 309/309/309 310/310/310 343/343/343
f 309/309/309 343/343/343 342/342/342
f 310/310/310 311/311/311 344/344/344
f 310/310/310 344/344/344 343/343/343
f 311/311/311 312/312/312 345/345/345
f 311/311/311 345/345/345 344/344/344
f 312/312/312 313/313/313 346/346/346
f 312/312/312 346/346/346 345/345/345
f 313/313/313 314/314/314 347/347/347
f 313/313/313 347/347/347 346/346/346
f 314/314/314 315/315/315 348/348/348
f 314/314/314 348/348/348 347/347/347
f 315/315/315 316/316/316 349/349/349
f 315/315/315 349/349/349 348/348/348
f 316/316/316 317/317/317 350/350/350
f 316/316/316 350/350/350 349/349/349
f 317/317/317 318/318/318 351/351/351
f 317/317/317 351/351/351 350/350/350
f 318/318/318 319/319/319 352/352/352
f 318/318/318 352/352/352 351/351/351
f 319/319/319 320/320/320 353/353/353
f 319/319/319 353/353/353 352/352/352
f 320/320/320 321/321/321 354/354/354
f 320/320/320 354/354/354 353/353/353
f 321/321/321 322/322/322 355/355/355
f 321/321/321 355/355/355 354/354/354
f 322/322/322 323/323/323 356/356/356
f 322/322/322 356/356/356 355/355/355
f 323/323/323 324/324/324 357/357/357
f 323/323/323 357/357/357 356/356/356
f 324/324/324 325/325/325 358/358/358
f 324/324/324 358/358/358 357/357/357
f 325/325/325 326/326/326 359/359/359
f 325/325/325 359/359/359 358/358/358
f 326/326/326 327/327/327 360/360/360
f 326/326/326 360/360/360 359/359/359
f 327/327/327 328/328/328 361/361/361
f 327/327/327 361/361/361 360/360/360
f 328/328/328 329/329/329 362/362/362
f 328/328/328 362/362/362 361/361/361
f 329/329/329 330/330/330 363/363/363
f 329/329/329 363/363/363 362/362/362
f 332/332/332 331/331/331 364/364/364
f 332/332/332 364/364/364 365/365/365
f 331/331/331 333/333/333 366/366/366
f 331/331/331 366/366/366 364/364/364
f 333/333/333 334/334/334 367/367/367
f 333/333/333 367/367/367 366/366/366
f 334/334/334 335/335/335 368/368/368
f 334/334/334 368/368/368 367/367/367
f 335/335/335 336/336/336 369/369/369
f 335/335/335 369/369/369 368/368/368
f 336/336/336 337/337/337 370/370/370
f 336/336/336 370/370/370 369/369/369
f 337/337/337 338/338/338 371/371/371
f 337/337/337 371/371/371 370/370/370
f 338/338/338 339/339/339 372/372/372
f 338/338/338 372/372/372 371/371/371
f 339/339/339 340/340/340 373/373/373
f 339/339/339 373/373/373 372/372/372
f 340/340/340 341/341/341 374/374/374
f 340/340/340 374/374/374 373/373/373
f 341/341/341 342/342/342 375/375/375
f 341/341/341 375/375/375 374/374/374
f 342/342/342 343/343/343 376/376/376
f 342/342/342 376/376/376 375/375/375
f 343/343/343 344/344/344 377/377/377
f 343/343/343 377/377/377 376/376/376
f 344/344/344 345/345/345 378/378/378
f 344/344/344 378/378/378 377/377/377
f 345/345/345 346/346/346 379/379/379
f 345/345/345 379/379/379 378/378/378
f 346/346/346 347/347/347 380/380/380
f 346/346/346 380/380/380 379/379/379
f 347/347/347 348/348/348 381/381/381
f 347/347/347 381/381/381 380/380/380
f 348/348/348 349/349/349 382/382/382
f 348/348/348 382/382/382 381/381/381
f 349/349/349 350/350/350 383/383/383
f 349/349/349 383/383/383 382/382/382
f 350/350/350 351/351/351 384/384/384
f 350/350/350 384/384/384 383/383/383
f 351/351/351 352/352/352 385/385/385
f 351/351/351 385/385/385 384/384/384
f 352/352/352 353/353/353 386/386/386
f 352/352/352 386/386/386 385/385/385
f 353/353/353 354/354/354 387/387/387
f 353/353/353 387/387/387 386/386/386
f 354/354/354 355/355/355 388/388/388
f 354/354/354 388/388/388 387/387/387
f 355/355/355 356/356/356 389/389/389
f 355/355/355 389/389/389 388/388/388
f 356/356/356 357/357/357 390/390/390
f 356/356/356 390/390/390 389/389/389
f 357/357/357 358/358/358 391/391/391
f 357/357/357 391/391/391 390/390/390
f 358/358/358 359/359/359 392/392/392
f 358/358/358 392/392/392 391/391/391
f 359/359/359 360/360/360 393/393/393
f 359/359/359 393/393/393 392/392/392
f 360/360/360 361/361/361 394/394/394
f 360/360/360 394/394/394 393/393/393
f 361/361/361 362/362/362 395/395/395
f 361/361/361 395/395/395 394/394/394
f 362/362/362 363/363/363 396/396/396
f 362/362/362 396/396/396 395/395/395
f 365/365/365 364/364/364 397/397/397
f 365/365/365 397/397/397 398/398/398
f 364/364/364 366/366/366 399/399/399
f 364/364/364 399/399/399 397/397/397
f 366/366/366 367/367/367 400/400/400
f 366/366/366 400/400/400 399/399/399
f 367/367/367 368/368/368 401/401/401
f 367/367/367 401/401/401 400/400/400
f 368/368/368 369/369/369 402/402/402
f 368/368/368 402/402/402 401/401/401
f 369/369/369 370/370/370 403/403/403
f 369/369/369 403/403/403 402/402/402
f 370/370/370 371/371/371 404/404/404
f 370/370/370 404/404/404 403/403/403
f 371/371/371 372/372/372 405/405/405
f 371/371/371 405/405/405 404/404/404
f 372/372/372 373/373/373 406/406/406
f 372/372/372 406/406/406 405/405/405
f 373/373/373 374/374/374 407/407/407
f 373/373/373 407/407/407 406/406/406
f 374/374/374 375/375/375 408/408/408
f 374/374/374 408/408/408 407/407/407
f 375/375/375 376/376/376 409/409/409
f 375/375/375 409/409/409 408/408/408
f 376/376/376 377/377/377 410/410/410
f 376/376/376 410/410/410 409/409/409
f 377/377/377 378/378/378 411/411/411
f 377/377/377 411/411/411 410/410/410
f 378/378/378 379/379/379 412/412/412
f 378/378/378 412/412/412 411/411/411
f 379/379/379 380/380/380 413/413/413
f 379/379/379 413/413/413 412/412/412
f 380/380/380 381/381/381 414/414/414
f 380/380/380 414/414/414 413/413/413
f 381/381/381 382/382/382 415/415/415
f 381/381/381 415/415/415 414/414/414
f 382/382/382 383/383/383 416/416/416
f 382/382/382 416/416/416 415/415/415
f 383/383/383 384/384/384 417/417/417
f 383/383/383 417/417/417 416/416/416
f 384/384/384 385/385/385 418/418/418
f 384/384/384 418/418/418 417/417/417
f 385/385/385 386/386/386 419/419/419
f 385/385/385 419/419/419 418/418/418
f 386/386/386 387/387/387 420/420/420
f 386/386/386 420/420/420 419/419/419
f 387/387/387 388/388/388 421/421/421
f 387/387/387 421/421/421 420/420/420
f 388/388/388 389/389/389 422/422/422
f 388/388/388 422/422/422 421/421/421
f 389/389/389 390/390/390 423/423/423
f 389/389/389 423/423/423 422/422/422
f 390/390/390 391/391/391 424/424/424
f 390/390/390 424/424/424 423/423/423
f 391/391/391 392/392/392 425/425/425
f 391/391/391 425/425/425 424/424/424
f 392/392/392 393/393/393 426/426/426
f 392/392/392 426/426/426 425/425/425
f 393/393/393 394/394/394 427/427/427
f 393/393/393 427/427/427 426/426/426
f 394/394/394 395/395/395 428/428/428
f 394/394/394 428/428/428 427/427/427
f 395/395/395 396/396/396 429/429/429
f 395/395/395 429/429/429 428/428/428
f 398/398/398 397/397/397 430/430/430
f 398/398/398 430/430/430 431/431/431
f 397/397/397 399/399/399 432/432/432
f 397/397/397 432/432/432 430/430/430
f 399/399/399 400/400/400 433/433/433
f 399/399/399 433/433/433 432/432/432
f 400/400/400 401/401/401 434/434/434
f 400/400/400 434/434/434 433/433/433
f 401/401/401 402/402/402 435/435/435
f 401/401/401 435/435/435 434/434/434
f 402/402/402 403/403/403 436/436/436
f 402/402/402 436/436/436 435/435/435
f 403/403/403 404/404/404 437/437/437
f 403/403/403 437/437/437 436/436/436
f 404/404/404 405/405/405 438/438/438
f 404/404/404 438/438/438 437/437/437
f 405/405/405 406/406/406 439/439/439
f 405/405/405 439/439/439 438/438/438
f 406/406/406 407/407/407 440/440/440
f 406/406/406 440/440/440 439/439/439
f 407/407/407 408/408/408 441/441/441
f 407/407/407 441/441/441 440/440/440
f 408/408/408 409/409/409 442/442/442
f 408/408/408 442/442/442 441/441/441
f 409/409/409 410/410/410 443/443/443
f 409/409/409 443/443/443 442/442/442
f 410/410/410 411/411/411 444/444/444
f 410/410/410 444/444/444 443/443/443
f 411/411/411 412/412/412 445/445/445
f 411/411/411 445/445/445 444/444/444
f 412/412/412 413/413/413 446/446/446
f 412/412/412 446/446/446 445/445/445
f 413/413/413 414/414/414 447/447/447
f 413/413/413 447/447/447 446/446/446
f 414/414/414 415/415/415 448/448/448
f 414/414/414 448/448/448 447/447/447
f 415/415/415 416/416/416 449/449/449
f 415/415/415 449/449/449 448/448/448
f 416/416/416 417/417/417 450/450/450
f 416/416/416 450/450/450 449/449/449
f 417/417/417 418/418/418 451/451/451
f 417/417/417 451/451/451 450/450/450
f 418/418/418 419/419/419 452/452/452
f 418/418/418 452/452/452 451/451/451
f 419/419/419 420/420/420 453/453/453
f 419/419/419 453/453/453 452/452/452
f 420/420/420 421/421/421 454/454/454
f 420/420/420 454/454/454 453/453/453
f 421/421/421 422/422/422 455/455/455
f 421/421/421 455/455/455 454/454/454
f 422/422/422 423/423/423 456/456/456
f 422/422/422 456/456/456 455/455/455
f 423/423/423 424/424/424 457/457/457
f 423/423/423 457/457/457 456/456/456
f 424/424/424 425/425/425 458/458/458
f 424/424/424 458/458/458 457/457/457
f 425/425/425 426/426/426 459/459/459
f 425/425/425 459/459/459 458/458/458
f 426/426/426 427/427/427 460/460/460
f 426/426/426 460/460/460 459/459/459
f 427/427/427 428/428/428 461/461/461
f 427/427/427 461/461/461 460/460/460
f 428/428/428 429/429/429 462/462/462
f 428/428/428 462/462/462 461/461/461
f 431/431/431 430/430/430 463/463/463
f 431/431/431 463/463/463 464/464/464
f 430/430/430 432/432/432 465/465/465
f 430/430/430 465/465/465 463/463/463
f 432/432/432 433/433/433 466/466/466
f 432/432/432 466/466/466 465/465/465
f 433/433/433 434/434/434 467/467/467
f 433/433/433 467/467/467 466/466/466
f 434/434/434 435/435/435 468/468/468
f 434/434/434 468/468/468 467/467/467
f 435/435/435 436/436/436 469/469/469
f 435/435/435 469/469/469 468/468/468
f 436/436/436 437/437/437 470/470/470
f 436/436/436 470/470/470 469/469/469
f 437/437/437 438/438/438 471/471/471
f 437/437/437 471/471/471 470/470/470
f 438/438/438 439/439/439 472/472/472
f 438/438/438 472/472/472 471/471/471
f 439/439/439 440/440/440 473/473/473
f 439/439/439 473/473/473 472/472/472
f 440/440/440 441/441/441 474/474/474
f 440/440/440 474/474/474 473/473/473
f 441/441/441 442/442/442 475/475/475
f 441/441/441 475/475/475 474/474/474
f 442/442/442 443/443/443 476/476/476
f 442/442/442 476/476/476 475/475/475
f 443/443/443 444/444/444 477/477/477
f 443/443/443 477/477/477 476/476/476
f 444/444/444 445/445/445 478/478/478
f 444/444/444 478/478/478 477/477/477
f 445/445/445 446/446/446 479/479/479
f 445/445/445 479/479/479 478/478/478
f 446/446/446 447/447/447 480/480/480
f 446/446/446 480/480/480 479/479/479
f 447/447/447 448/448/448 481/481/481
f 447/447/447 481/481/481 480/480/480
f 448/448/448 449/449/449 482/482/482
f 448/448/448 482/482/482 481/481/481
f 449/449/449 450/450/450 483/483/483
f 449/449/449 483/483/483 482/482/482
f 450/450/450 451/451/451 484/484/484
f 450/450/450 484/484/484 483/483/483
f 451/451/451 452/452/452 485/485/485
f 451/451/451 485/485/485 484/484/484
f 452/452/452 453/453/453 486/486/486
f 452/452/452 486/486/486 485/485/485
f 453/453/453 454/454/454 487/487/487
f 453/453/453 487/487/487 486/486/486
f 454/454/454 455/455/455 488/488/488
f 454/454/454 488/488/488 487/487/487
f 455/455/455 456/456/456 489/489/489
f 455/455/455 489/489/489 488/488/488
f 456/456/456 457/457/457 490/490/490
f 456/456/456 490/490/490 489/489/489
f 457/457/457 458/458/458 491/491/491
f 457/457/457 491/491/491 490/490/490
f 458/458/458 459/459/459 492/492/492
f 458/458/458 492/492/492 491/491/491
f 459/459/459 460/460/460 493/493/493
f 459/459/459 493/493/493 492/492/492
f 460/460/460 461/461/461 494/494/494
f 460/460/460 494/494/494 493/493/493
f 461/461/461 462/462/462 495/495/495
f 461/461/461 495/495/495 494/494/494
f 464/464/464 463/463/463 496/496/496
f 464/464/464 496/496/496 497/497/497
f 463/463/463 465/465/465 498/498/498
f 463/463/463 498/498/498 496/496/496
f 465/465/465 466/466/466 499/499/499
f 465/465/465 499/499/499 498/498/498
f 466/466/466 467/467/467 500/500/500
f 466/466/466 500/500/500 499/499/499
f 467/467/467 468/468/468 501/501/501
f 467/467/467 501/501/501 500/500/500
f 468/468/468 469/469/469 502/502/502
f 468/468/468 502/502/502 501/501/501
f 469/469/469 470/470/470 503/503/503
f 469/469/469 503/503/503 502/502/502
f 470/470/470 471/471/471 504/504/504
f 470/470/470 504/504/504 503/503/503
f 471/471/471 472/472/472 505/505/505
f 471/471/471 505/505/505 504/504/504
f 472/472/472 473/473/473 506/506/506
f 472/472/472 506/506/506 505/505/505
f 473/473/473 474/474/474 507/507/507
f 473/473/473 507/507/507 506/506/506
f 474/474/474 475/475/475 508/508/508
f 474/474/474 508/508/508 507/507/507
f 475/475/475 476/476/476 509/509/509
f 475/475/475 509/509/509 508/508/508
f 476/476/476 477/477/477 510/510/510
f 476/476/476 510/510/510 509/509/509
f 477/477/477 478/478/478 511/511/511
f 477/477/477 511/511/511 510/510/510
f 478/478/478 479/479/479 512/512/512
f 478/478/478 512/512/512 511/511/511
f 479/479/479 480/480/480 513/513/513
f 479/479/479 513/513/513 512/512/512
f 480/480/480 481/481/481 514/514/514
f 480/480/480 514/514/514 513/513/513
f 481/481/481 482/482/482 515/515/515
f 481/481/481 515/515/515 514/514/514
f 482/482/482 483/483/483 516/516/516
f 482/482/482 516/516/516 515/515/515
f 483/483/483 484/484/484 517/517/517
f 483/483/483 517/517/517 516/516/516
f 484/484/484 485/485/485 518/518/518
f 484/484/484 518/518/518 517/517/517
f 485/485/485 486/486/486 519/519/519
f 485/485/485 519/519/519 518/518/518
f 486/486/486 487/487/487 520/520/520
f 486/486/486 520/520/520 519/519/519
f 487/487/487 488/488/488 521/521/521
f 487/487/487 521/521/521 520/520/520
f 488/488/488 489/489/489 522/522/522
f 488/488/488 522/522/522 521/521/521
f 489/489/489 490/490/490 523/523/523
f 489/489/489 523/523/523 522/522/522
f 490/490/490 491/491/491 524/524/524
f 490/490/490 524/524/524 523/523/523
f 491/491/491 492/492/492 525/525/525
f 491/491/491 525/525/525 524/524/524
f 492/492/492 493/493/493 526/526/526
f 492/492/492 526/526/526 525/525/525
f 493/493/493 494/494/494 527/527/527
f 493/493/493 527/527/527 526/526/526
f 494/494/494 495/495/495 528/528/528
f 494/494/494 528/528/528 527/527/527
f 497/497/497 496/496/496 529/529/529
f 497/497/497 529/529/529 530/530/530
f 496/496/496 498/498/498 531/531/531
f 496/496/496 531/531/531 529/529/529
f 498/498/498 499/499/499 532/532/532
f 498/498/498 532/532/532 531/531/531
f 499/499/499 500/500/500 533/533/533
f 499/499/499 533/533/533 532/532/532
f 500/500/500 501/501/501 534/534/534
f 500/500/500 534/534/534 533/533/533
f 501/501/501 502/502/502 535/535/535
f 501/501/501 535/535/535 534/534/534
f 502/502/502 503/503/503 536/536/536
f 502/502/502 536/536/536 535/535/535
f 503/503/503 504/504/504 537/537/537
f 503/503/503 537/537/537 536/536/536
f 504/504/504 505/505/505 538/538/538
f 504/504/504 538/538/538 537/537/537
f 505/505/505 506/506/506 539/539/539
f 505/505/505 539/539/539 538/538/538
f 506/506/506 507/507/507 540/540/540
f 506/506/506 540/540/540 539/539/539
f 507/507/507 508/508/508 541/541/541
f 507/507/507 541/541/541 540/540/540
f 508/508/508 509/509/509 542/542/542
f 508/508/508 542/542/542 541/541/541
f 509/509/509 510/510/510 543/543/543
f 509/509/509 543/543/543 542/542/542
f 510/510/510 511/511/511 544/544/544
f 510/510/510 544/544/544 543/543/543
f 511/511/511 512/512/512 545/545/545
f 511/511/511 545/545/545 544/544/544
f 512/512/512 513/513/513 546/546/546
f 512/512/512 546/546/546 545/545/545
f 513/513/513 514/514/514 547/547/547
f 513/513/513 547/547/547 546/546/546
f 514/514/514 515/515/515 548/548/548
f 514/514/514 548/548/548 547/547/547
f 515/515/515 516/516/516 549/549/549
f 515/515/515 549/549/549 548/548/548
f 516/516/516 517/517/517 550/550/550
f 516/516/516 550/550/550 549/549/549
f 517/517/517 518/518/518 551/551/551
f 517/517/517 551/551/551 550/550/550
f 518/518/518 519/519/519 552/552/552
f 518/518/518 552/552/552 551/551/551
f 519/519/519 520/520/520 553/553/553
f 519/519/519 553/553/553 552/552/552
f 520/520/520 521/521/521 554/554/554
f 520/520/520 554/554/554 553/553/553
f 521/521/521 522/522/522 555/555/555
f 521/521/521 555/555/555 554/554/554
f 522/522/522 523/523/523 556/556/556
f 522/522/522 556/556/556 555/555/555
f 523/523/523 524/524/524 557/557/557
f 523/523/523 557/557/557 556/556/556
f 524/524/524 525/525/525 558/558/558
f 524/524/524 558/558/558 557/557/557
f 525/525/525 526/526/526 559/559/559
f 525/525/525 559/559/559 558/558/558
f 526/526/526 527/527/527 560/560/560
f 526/526/526 560/560/560 559/559/559
f 527/527/527 528/528/528 561/561/561
f 527/527/527 561/561/561 560/560/560
f 565/565/565 564/564/564 563/563/563
f 564/564/564 567/567/567 566/566/566
f 567/567/567 569/569/569 568/568/568
f 569/569/569 571/571/571 570/570/570
f 571/571/571 573/573/573 572/572/572
f 573/573/573 575/575/575 574/574/574
f 575/575/575 577/577/577 576/576/576
f 577/577/577 579/579/579 578/578/578
f 579/579/579 581/581/581 580/580/580
f 581/581/581 583/583/583 582/582/582
f 583/583/583 585/585/585 584/584/584
f 585/585/585 587/587/587 586/586/586
f 587/587/587 589/589/589 588/588/588
f 589/589/589 591/591/591 590/590/590
f 591/591/591 593/593/593 592/592/592
f 593/593/593 595/595/595 594/594/594
f 595/595/595 597/597/597 596/596/596
f 597/597/597 599/599/599 598/598/598
f 599/599/599 601/601/601 600/600/600
f 601/601/601 603/603/603 602/602/602
f 603/603/603 605/605/605 604/604/604
f 605/605/605 607/607/607 606/606/606
f 607/607/607 609/609/609 608/608/608
f 609/609/609 611/611/611 610/610/610
f 611/611/611 613/613/613 612/612/612
f 613/613/613 615/615/615 614/614/614
f 615/615/615 617/617/617 616/616/616
f 617/617/617 619/619/619 618/618/618
f 619/619/619 621/621/621 620/620/620
f 621/621/621 623/623/623 622/622/622
f 623/623/623 625/625/625 624/624/624
f 625/625/625 627/627/627 626/626/626
f 629/629/629 628/628/628 564/564/564
f 629/629/629 564/564/564 565/565/565
f 628/628/628 630/630/630 567/567/567
f 628/628/628 567/567/567 564/564/564
f 630/630/630 631/631/631 569/569/569
f 630/630/630 569/569/569 567/567/567
f 631/631/631 632/632/632 571/571/571
f 631/631/631 571/571/571 569/569/569
f 632/632/632 633/633/633 573/573/573
f 632/632/632 573/573/573 571/571/571
f 633/633/633 634/634/634 575/575/575
f 633/633/633 575/575/575 573/573/573
f 634/634/634 635/635/635 577/577/577
f 634/634/634 577/577/577 575/575/575
f 635/635/635 636/636/636 579/579/579
f 635/635/635 579/579/579 577/577/577
f 636/636/636 637/637/637 581/581/581
f 636/636/636 581/581/581 579/579/579
f 637/637/637 638/638/638 583/583/583
f 637/637/637 583/583/583 581/581/581
f 638/638/638 639/639/639 585/585/585
f 638/638/638 585/585/585 583/583/583
f 639/639/639 640/640/640 587/587/587
f 639/639/639 587/587/587 585/585/585
f 640/640/640 641/641/641 589/589/589
f 640/640/640 589/589/589 587/587/587
f 641/641/641 642/642/642 591/591/591
f 641/641/641 591/591/591 589/589/589
f 642/642/642 643/643/643 593/593/593
f 642/642/642 593/593/593 591/591/591
f 643/643/643 644/644/644 595/595/595
f 643/643/643 595/595/595 593/593/593
f 644/644/644 645/645/645 597/597/597
f 644/644/644 597/597/597 595/595/595
f 645/645/645 646/646/646 599/599/599
f 645/645/645 599/599/599 597/597/597
f 646/646/646 647/647/647 601/601/601
f 646/646/646 601/601/601 599/599/599
f 647/647/647 648/648/648 603/603/603
f 647/647/647 603/603/603 601/601/601
f 648/648/648 649/649/649 605/605/605
f 648/648/648 605/605/605 603/603/603
f 649/649/649 650/650/650 607/607/607
f 649/649/649 607/607/607 605/605/605
f 650/650/650 651/651/651 609/609/609
f 650/650/650 609/609/609 607/607/607
f 651/651/651 652/652/652 611/611/611
f 651/651/651 611/611/611 609/609/609
f 652/652/652 653/653/653 613/613/613
f 652/652/652 613/613/613 611/611/611
f 653/653/653 654/654/654 615/615/615
f 653/653/653 615/615/615 613/613/613
f 654/654/654 655/655/655 617/617/617
f 654/654/654 617/617/617 615/615/615
f 655/655/655 656/656/656 619/619/619
f 655/655/655 619/619/619 617/617/617
f 656/656/656 657/657/657 621/621/621
f 656/656/656 621/621/621 619/619/619
f 657/657/657 658/658/658 623/623/623
f 657/657/657 623/623/623 621/621/621
f 658/658/658 659/659/659 625/625/625
f 658/658/658 625/625/625 623/623/623
f 659/659/659 660/660/660 627/627/627
f 659/659/659 627/627/627 625/625/625
f 662/662/662 661/661/661 628/628/628
f 662/662/662 628/628/628 629/629/629
f 661/661/661 663/663/663 630/630/630
f 661/661/661 630/630/630 628/628/628
f 663/663/663 664/664/664 631/631/631
f 663/663/663 631/631/631 630/630/630
f 664/664/664 665/665/665 632/632/632
f 664/664/664 632/632/632 631/631/631
f 665/665/665 666/666/666 633/633/633
f 665/665/665 633/633/633 632/632/632
f 666/666/666 667/667/667 634/634/634
f 666/666/666 634/634/634 633/633/633
f 667/667/667 668/668/668 635/635/635
f 667/667/667 635/635/635 634/634/634
f 668/668/668 669/669/669 636/636/636
f 668/668/668 636/636/636 635/635/635
f 669/669/669 670/670/670 637/637/637
f 669/669/669 637/637/637 636/636/636
f 670/670/670 671/671/671 638/638/638
f 670/670/670 638/638/638 637/637/637
f 671/671/671 672/672/672 639/639/639
f 671/671/671 639/639/639 638/638/638
f 672/672/672 673/673/673 640/640/640
f 672/672/672 640/640/640 639/639/639
f 673/673/673 674/674/674 641/641/641
f 673/673/673 641/641/641 640/640/640
f 674/674/674 675/675/675 642/642/642
f 674/674/674 642/642/642 641/641/641
f 675/675/675 676/676/676 643/643/643
f 675/675/675 643/643/643 642/642/642
f 676/676/676 677/677/677 644/644/644
f 676/676/676 644/644/644 643/643/643
f 677/677/677 678/678/678 645/645/645
f 677/677/677 645/645/645 644/644/644
f 678/678/678 679/679/679 646/646/646
f 678/678/678 646/646/646 645/645/645
f 679/679/679 680/680/680 647/647/647
f 679/679/679 647/647/647 646/646/646
f 680/680/680 681/681/681 648/648/648
f 680/680/680 648/648/648 647/647/647
f 681/681/681 682/682/682 649/649/649
f 681/681/681 649/649/649 648/648/648
f 682/682/682 683/683/683 650/650/650
f 682/682/682 650/650/650 649/649/649
f 683/683/683 684/684/684 651/651/651
f 683/683/683 651/651/651 650/650/650
f 684/684/684 685/685/685 652/652/652
f 684/684/684 652/652/652 651/651/651
f 685/685/685 686/686/686 653/653/653
f 685/685/685 653/653/653 652/652/652
f 686/686/686 687/687/687 654/654/654
f 686/686/686 654/654/654 653/653/653
f 687/687/687 688/688/688 655/655/655
f 687/687/687 655/655/655 654/654/654
f 688/688/688 689/689/689 656/656/656
f 688/688/688 656/656/656 655/655/655
f 689/689/689 690/690/690 657/657/657
f 689/689/689 657/657/657 656/656/656
f 690/690/690 691/691/691 658/658/658
f 690/690/690 658/658/658 657/657/657
f 691/691/691 692/692/692 659/659/659
f 691/691/691 659/659/659 658/658/658
f 692/692/692 693/693/693 660/660/660
f 692/692/692 660/660/660 659/659/659
f 695/695/695 694/694/694 661/661/661
f 695/695/695 661/661/661 662/662/662
f 694/694/694 696/696/696 663/663/663
f 694/694/694 663/663/663 661/661/661
f 696/696/696 697/697/697 664/664/664
f 696/696/696 664/664/664 663/663/663
f 697/697/697 698/698/698 665/665/665
f 697/697/697 665/665/665 664/664/664
f 698/698/698 699/699/699 666/666/666
f 698/698/698 666/666/666 665/665/665
f 699/699/699 700/700/700 667/667/667
f 699/699/699 667/667/667 666/666/666
f 700/700/700 701/701/701 668/668/668
f 700/700/700 668/668/668 667/667/667
f 701/701/701 702/702/702 669/669/669
f 701/701/701 669/669/669 668/668/668
f 702/702/702 703/703/703 670/670/670
f 702/702/702 670/670/670 669/669/669
f 703/703/703 704/704/704 671/671/671
f 703/703/703 671/671/671 670/670/670
f 704/704/704 705/705/705 672/672/672
f 704/704/704 672/672/672 671/671/671
f 705/705/705 706/706/706 673/673/673
f 705/705/705 673/673/673 672/672/672
f 706/706/706 707/707/707 674/674/674
f 706/706/706 674/674/674 673/673/673
f 707/707/707 708/708/708 675/675/675
f 707/707/707 675/675/675 674/674/674
f 708/708/708 709/709/709 676/676/676
f 708/708/708 676/676/676 675/675/675
f 709/709/709 710/710/710 677/677/677
f 709/709/709 677/677/677 676/676/676
f 710/710/710 711/711/711 678/678/678
f 710/710/710 678/678/678 677/677/677
f 711/711/711 712/712/712 679/679/679
f 711/711/711 679/679/679 678/678/678
f 712/712/712 713/713/713 680/680/680
f 712/712/712 680/680/680 679/679/679
f 713/713/713 714/714/714 681/681/681
f 713/713/713 681/681/681 680/680/680
f 714/714/714 715/715/715 682/682/682
f 714/714/714 682/682/682 681/681/681
f 715/715/715 716/716/716 683/683/683
f 715/715/715 683/683/683 682/682/682
f 716/716/716 717/717/717 684/684/684
f 716/716/716 684/684/684 683/683/683
f 717/717/717 718/718/718 685/685/685
f 717/717/717 685/685/685 684/684/684
f 718/718/718 719/719/719 686/686/686
f 718/718/718 686/686/686 685/685/685
f 719/719/719 720/720/720 687/687/687
f 719/719/719 687/687/687 686/686/686
f 720/720/720 721/721/721 688/688/688
f 720/720/720 688/688/688 687/687/687
f 721/721/721 722/722/722 689/689/689
f 721/721/721 689/689/689 688/688/688
f 722/722/722 723/723/723 690/690/690
f 722/722/722 690/690/690 689/689/689
f 723/723/723 724/724/724 691/691/691
f 723/723/723 691/691/691 690/690/690
f 724/724/724 725/725/725 692/692/692
f 724/724/724 692/692/692 691/691/691
f 725/725/725 726/726/726 693/693/693
f 725/725/725 693/693/693 692/692/692
f 728/728/728 727/727/727 694/694/694
f 728/728/728 694/694/694 695/695/695
f 727/727/727 729/729/729 696/696/696
f 727/727/727 696/696/696 694/694/694
f 729/729/729 730/730/730 697/697/697
f 729/729/729 697/697/697 696/696/696
f 730/730/730 731/731/731 698/698/698
f 730/730/730 698/698/698 697/697/697
f 731/731/731 732/732/732 699/699/699
f 731/731/731 699/699/699 698/698/698
f 732/732/732 733/733/733 700/700/700
f 732/732/732 700/700/700 699/699/699
f 733/733/733 734/734/734 701/701/701
f 733/733/733 701/701/701 700/700/700
f 734/734/734 735/735/735 702/702/702
f 734/734/734 702/702/702 701/701/701
f 735/735/735 736/736/736 703/703/703
f 735/735/735 703/703/703 702/702/702
f 736/736/736 737/737/737 704/704/704
f 736/736/736 704/704/704 703/703/703
f 737/737/737 738/738/738 705/705/705
f 737/737/737 705/705/705 704/704/704
f 738/738/738 739/739/739 706/706/706
f 738/738/738 706/706/706 705/705/705
f 739/739/739 740/740/740 707/707/707
f 739/739/739 707/707/707 706/706/706
f 740/740/740 741/741/741 708/708/708
f 740/740/740 708/708/708 707/707/707
f 741/741/741 742/742/742 709/709/709
f 741/741/741 709/709/709 708/708/708
f 742/742/742 743/743/743 710/710/710
f 742/742/742 710/710/710 709/709/709
f 743/743/743 744/744/744 711/711/711
f 743/743/743 711/711/711 710/710/710
f 744/744/744 745/745/745 712/712/712
f 744/744/744 712/712/712 711/711/711
f 745/745/745 746/746/746 713/713/713
f 745/745/745 713/713/713 712/712/712
f 746/746/746 747/747/747 714/714/714
f 746/746/746 714/714/714 713/713/713
f 747/747/747 748/748/748 715/715/715
f 747/747/747 715/715/715 714/714/714
f 748/748/748 749/749/749 716/716/716
f 748/748/748 716/716/716 715/715/715
f 749/749/749 750/750/750 717/717/717
f 749/749/749 717/717/717 716/716/716
f 750/750/750 751/751/751 718/718/718
f 750/750/750 718/718/718 717/717/717
f 751/751/751 752/752/752 719/719/719
f 751/751/751 719/719/719 718/718/718
f 752/752/752 753/753/753 720/720/720
f 752/752/752 720/720/720 719/719/719
f 753/753/753 754/754/754 721/721/721
f 753/753/753 721/721/721 720/720/720
f 754/754/754 755/755/755 722/722/722
f 754/754/754 722/722/722 721/721/721
f 755/755/755 756/756/756 723/723/723
f 755/755/755 723/723/723 722/722/722
f 756/756/756 757/757/757 724/724/724
f 756/756/756 724/724/724 723/723/723
f 757/757/757 758/758/758 725/725/725
f 757/757/757 725/725/725 724/724/724
f 758/758/758 759/759/759 726/726/726
f 758/758/758 726/726/726 725/725/725
f 761/761/761 760/760/760 727/727/727
f 761/761/761 727/727/727 728/728/728
f 760/760/760 762/762/762 729/729/729
f 760/760/760 729/729/729 727/727/727
f 762/762/762 763/763/763 730/730/730
f 762/762/762 730/730/730 729/729/729
f 763/763/763 764/764/764 731/731/731
f 763/763/763 731/731/731 730/730/730
f 764/764/764 765/765/765 732/732/732
f 764/764/764 732/732/732 731/731/731
f 765/765/765 766/766/766 733/733/733
f 765/765/765 733/733/733 732/732/732
f 766/766/766 767/767/767 734/734/734
f 766/766/766 734/734/734 733/733/733
f 767/767/767 768/768/768 735/735/735
f 767/767/767 735/735/735 734/734/734
f 768/768/768 769/769/769 736/736/736
f 768/768/768 736/736/736 735/735/735
f 769/769/769 770/770/770 737/737/737
f 769/769/769 737/737/737 736/736/736
f 770/770/770 771/771/771 738/738/738
f 770/770/770 738/738/738 737/737/737
f 771/771/771 772/772/772 739/739/739
f 771/771/771 739/739/739 738/738/738
f 772/772/772 773/773/773 740/740/740
f 772/772/772 740/740/740 739/739/739
f 773/773/773 774/774/774 741/741/741
f 773/773/773 741/741/741 740/740/740
f 774/774/774 775/775/775 742/742/742
f 774/774/774 742/742/742 741/741/741
f 775/775/775 776/776/776 743/743/743
f 775/775/775 743/743/743 742/742/742
f 776/776/776 777/777/777 744/744/744
f 776/776/776 744/744/744 743/743/743
f 777/777/777 778/778/778 745/745/745
f 777/777/777 745/745/745 744/744/744
f 778/778/778 779/779/779 746/746/746
f 778/778/778 746/746/746 745/745/745
f 779/779/779 780/780/780 747/747/747
f 779/779/779 747/747/747 746/746/746
f 780/780/780 781/781/781 748/748/748
f 780/780/780 748/748/748 747/747/747
f 781/781/781 782/782/782 749/749/749
f 781/781/781 749/749/749 748/748/748
f 782/782/782 783/783/783 750/750/750
f 782/782/782 750/750/750 749/749/749
f 783/783/783 784/784/784 751/751/751
f 783/783/783 751/751/751 750/750/750
f 784/784/784 785/785/785 752/752/752
f 784/784/784 752/752/752 751/751/751
f 785/785/785 786/786/786 753/753/753
f 785/785/785 753/753/753 752/752/752
f 786/786/786 787/787/787 754/754/754
f 786/786/786 754/754/754 753/753/753
f 787/787/787 788/788/788 755/755/755
f 787/787/787 755/755/755 754/754/754
f 788/788/788 789/789/789 756/756/756
f 788/788/788 756/756/756 755/755/755
f 789/789/789 790/790/790 757/757/757
f 789/789/789 757/757/757 756/756/756
f 790/790/790 791/791/791 758/758/758
f 790/790/790 758/758/758 757/757/757
f 791/791/791 792/792/792 759/759/759
f 791/791/791 759/759/759 758/758/758
f 794/794/794 793/793/793 760/760/760
f 794/794/794 760/760/760 761/761/761
f 793/793/793 795/795/795 762/762/762
f 793/793/793 762/762/762 760/760/760
f 795/795/795 796/796/796 763/763/763
f 795/795/795 763/763/763 762/762/762
f 796/796/796 797/797/797 764/764/764
f 796/796/796 764/764/764 763/763/763
f 797/797/797 798/798/798 765/765/765
f 797/797/797 765/765/765 764/764/764
f 798/798/798 799/799/799 766/766/766
f 798/798/798 766/766/766 765/765/765
f 799/799/799 800/800/800 767/767/767
f 799/799/799 767/767/767 766/766/766
f 800/800/800 801/801/801 768/768/768
f 800/800/800 768/768/768 767/767/767
f 801/801/801 802/802/802 769/769/769
f 801/801/801 769/769/769 768/768/768
f 802/802/802 803/803/803 770/770/770
f 802/802/802 770/770/770 769/769/769
f 803/803/803 804/804/804 771/771/771
f 803/803/803 771/771/771 770/770/770
f 804/804/804 805/805/805 772/772/772
f 804/804/804 772/772/772 771/771/771
f 805/805/805 806/806/806 773/773/773
f 805/805/805 773/773/773 772/772/772
f 806/806/806 807/807/807 774/774/774
f 806/806/806 774/774/774 773/773/773
f 807/807/807 808/808/808 775/775/775
f 807/807/807 775/775/775 774/774/774
f 808/808/808 809/809/809 776/776/776
f 808/808/808 776/776/776 775/775/775
f 809/809/809 810/810/810 777/777/777
f 809/809/809 777/777/777 776/776/776
f 810/810/810 811/811/811 778/778/778
f 810/810/810 778/778/778 777/777/777
f 811/811/811 812/812/812 779/779/779
f 811/811/811 779/779/779 778/778/778
f 812/812/812 813/813/813 780/780/780
f 812/812/812 780/780/780 779/779/779
f 813/813/813 814/814/814 781/781/781
f 813/813/813 781/781/781 780/780/780
f 814/814/814 815/815/815 782/782/782
f 814/814/814 782/782/782 781/781/781
f 815/815/815 816/816/816 783/783/783
f 815/815/815 783/783/783 782/782/782
f 816/816/816 817/817/817 784/784/784
f 816/816/816 784/784/784 783/783/783
f 817/817/817 818/818/818 785/785/785
f 817/817/817 785/785/785 784/784/784
f 818/818/818 819/819/819 786/786/786
f 818/818/818 786/786/786 785/785/785
f 819/819/819 820/820/820 787/787/787
f 819/819/819 787/787/787 786/786/786
f 820/820/820 821/821/821 788/788/788
f 820/820/820 788/788/788 787/787/787
f 821/821/821 822/822/822 789/789/789
f 821/821/821 789/789/789 788/788/788
f 822/822/822 823/823/823 790/790/790
f 822/822/822 790/790/790 789/789/789
f 823/823/823 824/824/824 791/791/791
f 823/823/823 791/791/791 790/790/790
f 824/824/824 825/825/825 792/792/792
f 824/824/824 792/792/792 791/791/791
f 827/827/827 826/826/826 793/793/793
f 827/827/827 793/793/793 794/794/794
f 826/826/826 828/828/828 795/795/795
f 826/826/826 795/795/795 793/793/793
f 828/828/828 829/829/829 796/796/796
f 828/828/828 796/796/796 795/795/795
f 829/829/829 830/830/830 797/797/797
f 829/829/829 797/797/797 796/796/796
f 830/830/830 831/831/831 798/798/798
f 830/830/830 798/798/798 797/797/797
f 831/831/831 832/832/832 799/799/799
f 831/831/831 799/799/799 798/798/798
f 832/832/832 833/833/833 800/800/800
f 832/832/832 800/800/800 799/799/799
f 833/833/833 834/834/834 801/801/801
f 833/833/833 801/801/801 800/800/800
f 834/834/834 835/835/835 802/802/802
f 834/834/834 802/802/802 801/801/801
f 835/835/835 836/836/836 803/803/803
f 835/835/835 803/803/803 802/802/802
f 836/836/836 837/837/837 804/804/804
f 836/836/836 804/804/804 803/803/803
f 837/837/837 838/838/838 805/805/805
f 837/837/837 805/805/805 804/804/804
f 838/838/838 839/839/839 806/806/806
f 838/838/838 806/806/806 805/805/805
f 839/839/839 840/840/840 807/807/807
f 839/839/839 807/807/807 806/806/806
f 840/840/840 841/841/841 808/808/808
f 840/840/840 808/808/808 807/807/807
f 841/841/841 842/842/842 809/809/809
f 841/841/841 809/809/809 808/808/808
f 842/842/842 843/843/843 810/810/810
f 842/842/842 810/810/810 809/809/809
f 843/843/843 844/844/844 811/811/811
f 843/843/843 811/811/811 810/810/810
f 844/844/844 845/845/845 812/812/812
f 844/844/844 812/812/812 811/811/811
f 845/845/845 846/846/846 813/813/813
f 845/845/845 813/813/813 812/812/812
f 846/846/846 847/847/847 814/814/814
f 846/846/846 814/814/814 813/813/813
f 847/847/847 848/848/848 815/815/815
f 847/847/847 815/815/815 814/814/814
f 848/848/848 849/849/849 816/816/816
f 848/848/848 816/816/816 815/815/815
f 849/849/849 850/850/850 817/817/817
f 849/849/849 817/817/817 816/816/816
f 850/850/850 851/851/851 818/818/818
f 850/850/850 818/818/818 817/817/817
f 851/851/851 852/852/852 819/819/819
f 851/851/851 819/819/819 818/818/818
f 852/852/852 853/853/853 820/820/820
f 852/852/852 820/820/820 819/819/819
f 853/853/853 854/854/854 821/821/821
f 853/853/853 821/821/821 820/820/820
f 854/854/854 855/855/855 822/822/822
f 854/854/854 822/822/822 821/821/821
f 855/855/855 856/856/856 823/823/823
f 855/855/855 823/823/823 822/822/822
f 856/856/856 857/857/857 824/824/824
f 856/856/856 824/824/824 823/823/823
f 857/857/857 858/858/858 825/825/825
f 857/857/857 825/825/825 824/824/824
f 860/860/860 859/859/859 826/826/826
f 860/860/860 826/826/826 827/827/827
f 859/859/859 861/861/861 828/828/828
f 859/859/859 828/828/828 826/826/826
f 861/861/861 862/862/862 829/829/829
f 861/861/861 829/829/829 828/828/828
f 862/862/862 863/863/863 830/830/830
f 862/862/862 830/830/830 829/829/829
f 863/863/863 864/864/864 831/831/831
f 863/863/863 831/831/831 830/830/830
f 864/864/864 865/865/865 832/832/832
f 864/864/864 832/832/832 831/831/831
f 865/865/865 866/866/866 833/833/833
f 865/865/865 833/833/833 832/832/832
f 866/866/866 867/867/867 834/834/834
f 866/866/866 834/834/834 833/833/833
f 867/867/867 868/868/868 835/835/835
f 867/867/867 835/835/835 834/834/834
f 868/868/868 869/869/869 836/836/836
f 868/868/868 836/836/836 835/835/835
f 869/869/869 870/870/870 837/837/837
f 869/869/869 837/837/837 836/836/836
f 870/870/870 871/871/871 838/838/838
f 870/870/870 838/838/838 837/837/837
f 871/871/871 872/872/872 839/839/839
f 871/871/871 839/839/839 838/838/838
f 872/872/872 873/873/873 840/840/840
f 872/872/872 840/840/840 839/839/839
f 873/873/873 874/874/874 841/841/841
f 873/873/873 841/841/841 840/840/840
f 874/874/874 875/875/875 842/842/842
f 874/874/874 842/842/842 841/841/841
f 875/875/875 876/876/876 843/843/843
f 875/875/875 843/843/843 842/842/842
f 876/876/876 877/877/877 844/844/844
f 876/876/876 844/844/844 843/843/843
f 877/877/877 878/878/878 845/845/845
f 877/877/877 845/845/845 844/844/844
f 878/878/878 879/879/879 846/846/846
f 878/878/878 846/846/846 845/845/845
f 879/879/879 880/880/880 847/847/847
f 879/879/879 847/847/847 846/846/846
f 880/880/880 881/881/881 848/848/848
f 880/880/880 848/848/848 847/847/847
f 881/881/881 882/882/882 849/849/849
f 881/881/881 849/849/849 848/848/848
f 882/882/882 883/883/883 850/850/850
f 882/882/882 850/850/850 849/849/849
f 883/883/883 884/884/884 851/851/851
f 883/883/883 851/851/851 850/850/850
f 884/884/884 885/885/885 852/852/852
f 884/884/884 852/852/852 851/851/851
f 885/885/885 886/886/886 853/853/853
f 885/885/885 853/853/853 852/852/852
f 886/886/886 887/887/887 854/854/854
f 886/886/886 854/854/854 853/853/853
f 887/887/887 888/888/888 855/855/855
f 887/887/887 855/855/855 854/854/854
f 888/888/888 889/889/889 856/856/856
f 888/888/888 856/856/856 855/855/855
f 889/889/889 890/890/890 857/857/857
f 889/889/889 857/857/857 856/856/856
f 890/890/890 891/891/891 858/858/858
f 890/890/890 858/858/858 857/857/857
f 893/893/893 892/892/892 859/859/859
f 893/893/893 859/859/859 860/860/860
f 892/892/892 894/894/894 861/861/861
f 892/892/892 861/861/861 859/859/859
f 894/894/894 895/895/895 862/862/862
f 894/894/894 862/862/862 861/861/861
f 895/895/895 896/896/896 863/863/863
f 895/895/895 863/863/863 862/862/862
f 896/896/896 897/897/897 864/864/864
f 896/896/896 864/864/864 863/863/863
f 897/897/897 898/898/898 865/865/865
f 897/897/897 865/865/865 864/864/864
f 898/898/898 899/899/899 866/866/866
f 898/898/898 866/866/866 865/865/865
f 899/899/899 900/900/900 867/867/867
f 899/899/899 867/867/867 866/866/866
f 900/900/900 901/901/901 868/868/868
f 900/900/900 868/868/868 867/867/867
f 901/901/901 902/902/902 869/869/869
f 901/901/901 869/869/869 868/868/868
f 902/902/902 903/903/903 870/870/870
f 902/902/902 870/870/870 869/869/869
f 903/903/903 904/904/904 871/871/871
f 903/903/903 871/871/871 870/870/870
f 904/904/904 905/905/905 872/872/872
f 904/904/904 872/872/872 871/871/871
f 905/905/905 906/906/906 873/873/873
f 905/905/905 873/873/873 872/872/872
f 906/906/906 907/907/907 874/874/874
f 906/906/906 874/874/874 873/873/873
f 907/907/907 908/908/908 875/875/875
f 907/907/907 875/875/875 874/874/874
f 908/908/908 909/909/909 876/876/876
f 908/908/908 876/876/876 875/875/875
f 909/909/909 910/910/910 877/877/877
f 909/909/909 877/877/877 876/876/876
f 910/910/910 911/911/911 878/878/878
f 910/910/910 878/878/878 877/877/877
f 911/911/911 912/912/912 879/879/879
f 911/911/911 879/879/879 878/878/878
f 912/912/912 913/913/913 880/880/880
f 912/912/912 880/880/880 879/879/879
f 913/913/913 914/914/914 881/881/881
f 913/913/913 881/881/881 880/880/880
f 914/914/914 915/915/915 882/882/882
f 914/914/914 882/882/882 881/881/881
f 915/915/915 916/916/916 883/883/883
f 915/915/915 883/883/883 882/882/882
f 916/916/916 917/917/917 884/884/884
f 916/916/916 884/884/884 883/883/883
f 917/917/917 918/918/918 885/885/885
f 917/917/917 885/885/885 884/884/884
f 918/918/918 919/919/919 886/886/886
f 918/918/918 886/886/886 885/885/885
f 919/919/919 920/920/920 887/887/887
f 919/919/919 887/887/887 886/886/886
f 920/920/920 921/921/921 888/888/888
f 920/920/920 888/888/888 887/887/887
f 921/921/921 922/922/922 889/889/889
f 921/921/921 889/889/889 888/888/888
f 922/922/922 923/923/923 890/890/890
f 922/922/922 890/890/890 889/889/889
f 923/923/923 924/924/924 891/891/891
f 923/923/923 891/891/891 890/890/890
f 926/926/926 925/925/925 892/892/892
f 926/926/926 892/892/892 893/893/893
f 925/925/925 927/927/927 894/894/894
f 925/925/925 894/894/894 892/892/892
f 927/927/927 928/928/928 895/895/895
f 927/927/927 895/895/895 894/894/894
f 928/928/928 929/929/929 896/896/896
f 928/928/928 896/896/896 895/895/895
f 929/929/929 930/930/930 897/897/897
f 929/929/929 897/897/897 896/896/896
f 930/930/930 931/931/931 898/898/898
f 930/930/930 898/898/898 897/897/897
f 931/931/931 932/932/932 899/899/899
f 931/931/931 899/899/899 898/898/898
f 932/932/932 933/933/933 900/900/900
f 932/932/932 900/900/900 899/899/899
f 933/933/933 934/934/934 901/901/901
f 933/933/933 901/901/901 900/900/900
f 934/934/934 935/935/935 902/902/902
f 934/934/934 902/902/902 901/901/901
f 935/935/935 936/936/936 903/903/903
f 935/935/935 903/903/903 902/902/902
f 936/936/936 937/937/937 904/904/904
f 936/936/936 904/904/904 903/903/903
f 937/937/937 938/938/938 905/905/905
f 937/937/937 905/905/905 904/904/904
f 938/938/938 939/939/939 906/906/906
f 938/938/938 906/906/906 905/905/905
f 939/939/939 940/940/940 907/907/907
f 939/939/939 907/907/907 906/906/906
f 940/940/940 941/941/941 908/908/908
f 940/940/940 908/908/908 907/907/907
f 941/941/941 942/942/942 909/909/909
f 941/941/941 909/909/909 908/908/908
f 942/942/942 943/943/943 910/910/910
f 942/942/942 910/910/910 909/909/909
f 943/943/943 944/944/944 911/911/911
f 943/943/943 911/911/911 910/910/910
f 944/944/944 945/945/945 912/912/912
f 944/944/944 912/912/912 911/911/911
f 945/945/945 946/946/946 913/913/913
f 945/945/945 913/913/913 912/912/912
f 946/946/946 947/947/947 914/914/914
f 946/946/946 914/914/914 913/913/913
f 947/947/947 948/948/948 915/915/915
f 947/947/947 915/915/915 914/914/914
f 948/948/948 949/949/949 916/916/916
f 948/948/948 916/916/916 915/915/915
f 949/949/949 950/950/950 917/917/917
f 949/949/949 917/917/917 916/916/916
f 950/950/950 951/951/951 918/918/918
f 950/950/950 918/918/918 917/917/917
f 951/951/951 952/952/952 919/919/919
f 951/951/951 919/919/919 918/918/918
f 952/952/952 953/953/953 920/920/920
f 952/952/952 920/920/920 919/919/919
f 953/953/953 954/954/954 921/921/921
f 953/953/953 921/921/921 920/920/920
f 954/954/954 955/955/955 922/922/922
f 954/954/954 922/922/922 921/921/921
f 955/955/955 956/956/956 923/923/923
f 955/955/955 923/923/923 922/922/922
f 956/956/956 957/957/957 924/924/924
f 956/956/956 924/924/924 923/923/923
f 959/959/959 958/958/958 925/925/925
f 959/959/959 925/925/925 926/926/926
f 958/958/958 960/960/960 927/927/927
f 958/958/958 927/927/927 925/925/925
f 960/960/960 961/961/961 928/928/928
f 960/960/960 928/928/928 927/927/927
f 961/961/961 962/962/962 929/929/929
f 961/961/961 929/929/929 928/928/928
f 962/962/962 963/963/963 930/930/930
f 962/962/962 930/930/930 929/929/929
f 963/963/963 964/964/964 931/931/931
f 963/963/963 931/931/931 930/930/930
f 964/964/964 965/965/965 932/932/932
f 964/964/964 932/932/932 931/931/931
f 965/965/965 966/966/966 933/933/933
f 965/965/965 933/933/933 932/932/932
f 966/966/966 967/967/967 934/934/934
f 966/966/966 934/934/934 933/933/933
f 967/967/967 968/968/968 935/935/935
f 967/967/967 935/935/935 934/934/934
f 968/968/968 969/969/969 936/936/936
f 968/968/968 936/936/936 935/935/935
f 969/969/969 970/970/970 937/937/937
f 969/969/969 937/937/937 936/936/936
f 970/970/970 971/971/971 938/938/938
f 970/970/970 938/938/938 937/937/937
f 971/971/971 972/972/972 939/939/939
f 971/971/971 939/939/939 938/938/938
f 972/972/972 973/973/973 940/940/940
f 972/972/972 940/940/940 939/939/939
f 973/973/973 974/974/974 941/941/941
f 973/973/973 941/941/941 940/940/940
f 974/974/974 975/975/975 942/942/942
f 974/974/974 942/942/942 941/941/941
f 975/975/975 976/976/976 943/943/943
f 975/975/975 943/943/943 942/942/942
f 976/976/976 977/977/977 944/944/944
f 976/976/976 944/944/944 943/943/943
f 977/977/977 978/978/978 945/945/945
f 977/977/977 945/945/945 944/944/944
f 978/978/978 979/979/979 946/946/946
f 978/978/978 946/946/946 945/945/945
f 979/979/979 980/980/980 947/947/947
f 979/979/979 947/947/947 946/946/946
f 980/980/980 981/981/981 948/948/948
f 980/980/980 948/948/948 947/947/947
f 981/981/981 982/982/982 949/949/949
f 981/981/981 949/949/949 948/948/948
f 982/982/982 983/983/983 950/950/950
f 982/982/982 950/950/950 949/949/949
f 983/983/983 984/984/984 951/951/951
f 983/983/983 951/951/951 950/950/950
f 984/984/984 985/985/985 952/952/952
f 984/984/984 952/952/952 951/951/951
f 985/985/985 986/986/986 953/953/953
f 985/985/985 953/953/953 952/952/952
f 986/986/986 987/987/987 954/954/954
f 986/986/986 954/954/954 953/953/953
f 987/987/987 988/988/988 955/955/955
f 987/987/987 955/955/955 954/954/954
f 988/988/988 989/989/989 956/956/956
f 988/988/988 956/956/956 955/955/955
f 989/989/989 990/990/990 957/957/957
f 989/989/989 957/957/957 956/956/956
f 992/992/992 991/991/991 958/958/958
f 992/992/992 958/958/958 959/959/959
f 991/991/991 993/993/993 960/960/960
f 991/991/991 960/960/960 958/958/958
f 993/993/993 994/994/994 961/961/961
f 993/993/993 961/961/961 960/960/960
f 994/994/994 995/995/995 962/962/962
f 994/994/994 962/962/962 961/961/961
f 995/995/995 996/996/996 963/963/963
f 995/995/995 963/963/963 962/962/962
f 996/996/996 997/997/997 964/964/964
f 996/996/996 964/964/964 963/963/963
f 997/997/997 998/998/998 965/965/965
f 997/997/997 965/965/965 964/964/964
f 998/998/998 999/999/999 966/966/966
f 998/998/998 966/966/966 965/965/965
f 999/999/999 1000/1000/1000 967/967/967
f 999/999/999 967/967/967 966/966/966
f 1000/1000/1000 1001/1001/1001 968/968/968
f 1000/1000/1000 968/968/968 967/967/967
f 1001/1001/1001 1002/1002/1002 969/969/969
f 1001/1001/1001 969/969/969 968/968/968
f 1002/1002/1002 1003/1003/1003 970/970/970
f 1002/1002/1002 970/970/970 969/969/969
f 1003/1003/1003 1004/1004/1004 971/971/971
f 1003/1003/1003 971/971/971 970/970/970
f 1004/1004/1004 1005/1005/1005 972/972/972
f 1004/1004/1004 972/972/972 971/971/971
f 1005/1005/1005 1006/1006/1006 973/973/973
f 1005/1005/1005 973/973/973 972/972/972
f 1006/1006/1006 1007/1007/1007 974/974/974
f 1006/1006/1006 974/974/974 973/973/973
f 1007/1007/1007 1008/1008/1008 975/975/975
f 1007/1007/1007 975/975/975 974/974/974
f 1008/1008/1008 1009/1009/1009 976/976/976
f 1008/1008/1008 976/976/976 975/975/975
f 1009/1009/1009 1010/1010/1010 977/977/977
f 1009/1009/1009 977/977/977 976/976/976
f 1010/1010/1010 1011/1011/1011 978/978/978
f 1010/1010/1010 978/978/978 977/977/977
f 1011/1011/1011 1012/1012/1012 979/979/979
f 1011/1011/1011 979/979/979 978/978/978
f 1012/1012/1012 1013/1013/1013 980/980/980
f 1012/1012/1012 980/980/980 979/979/979
f 1013/1013/1013 1014/1014/1014 981/981/981
f 1013/1013/1013 981/981/981 980/980/980
f 1014/1014/1014 1015/1015/1015 982/982/982
f 1014/1014/1014 982/982/982 981/981/981
f 1015/1015/1015 1016/1016/1016 983/983/983
f 1015/1015/1015 983/983/983 982/982/982
f 1016/1016/1016 1017/1017/1017 984/984/984
f 1016/1016/1016 984/984/984 983/983/983
f 1017/1017/1017 1018/1018/1018 985/985/985
f 1017/1017/1017 985/985/985 984/984/984
f 1018/1018/1018 1019/1019/1019 986/986/986
f 1018/1018/1018 986/986/986 985/985/985
f 1019/1019/1019 1020/1020/1020 987/987/987
f 1019/1019/1019 987/987/987 986/986/986
f 1020/1020/1020 1021/1021/1021 988/988/988
f 1020/1020/1020 988/988/988 987/987/987
f 1021/1021/1021 1022/1022/1022 989/989/989
f 1021/1021/1021 989/989/989 988/988/988
f 1022/1022/1022 1023/1023/1023 990/990/990
f 1022/1022/1022 990/990/990 989/989/989
f 1025/1025/1025 1024/1024/1024 991/991/991
f 1025/1025/1025 991/991/991 992/992/992
f 1024/1024/1024 1026/1026/1026 993/993/993
f 1024/1024/1024 993/993/993 991/991/991
f 1026/1026/1026 1027/1027/1027 994/994/994
f 1026/1026/1026 994/994/994 993/993/993
f 1027/1027/1027 1028/1028/1028 995/995/995
f 1027/1027/1027 995/995/995 994/994/994
f 1028/1028/1028 1029/1029/1029 996/996/996
f 1028/1028/1028 996/996/996 995/995/995
f 1029/1029/1029 1030/1030/1030 997/997/997
f 1029/1029/1029 997/997/997 996/996/996
f 1030/1030/1030 1031/1031/1031 998/998/998
f 1030/1030/1030 998/998/998 997/997/997
f 1031/1031/1031 1032/1032/1032 999/999/999
f 1031/1031/1031 999/999/999 998/998/998
f 1032/1032/1032 1033/1033/1033 1000/1000/1000
f 1032/1032/1032 1000/1000/1000 999/999/999
f 1033/1033/1033 1034/1034/1034 1001/1001/1001
f 1033/1033/1033 1001/1001/1001 1000/1000/1000
f 1034/1034/1034 1035/1035/1035 1002/1002/1002
f 1034/1034/1034 1002/1002/1002 1001/1001/1001
f 1035/1035/1035 1036/1036/1036 1003/1003/1003
f 1035/1035/1035 1003/1003/1003 1002/1002/1002
f 1036/1036/1036 1037/1037/1037 1004/1004/1004
f 1036/1036/1036 1004/1004/1004 1003/1003/1003
f 1037/1037/1037 1038/1038/1038 1005/1005/1005
f 1037/1037/1037 1005/1005/1005 1004/1004/1004
f 1038/1038/1038 1039/1039/1039 1006/1006/1006
f 1038/1038/1038 1006/1006/1006 1005/1005/1005
f 1039/1039/1039 1040/1040/1040 1007/1007/1007
f 1039/1039/1039 1007/1007/1007 1006/1006/1006
f 1040/1040/1040 1041/1041/1041 1008/1008/1008
f 1040/1040/1040 1008/1008/1008 1007/1007/1007
f 1041/1041/1041 1042/1042/1042 1009/1009/1009
f 1041/1041/1041 1009/1009/1009 1008/1008/1008
f 1042/1042/1042 1043/1043/1043 1010/1010/1010
f 1042/1042/1042 1010/1010/1010 1009/1009/1009
f 1043/1043/1043 1044/1044/1044 1011/1011/1011
f 1043/1043/1043 1011/1011/1011 1010/1010/1010
f 1044/1044/1044 1045/1045/1045 1012/1012/1012
f 1044/1044/1044 1012/1012/1012 1011/1011/1011
f 1045/1045/1045 1046/1046/1046 1013/1013/1013
f 1045/1045/1045 1013/1013/1013 1012/1012/1012
f 1046/1046/1046 1047/1047/1047 1014/1014/1014
f 1046/1046/1046 1014/1014/1014 1013/1013/1013
f 1047/1047/1047 1048/1048/1048 1015/1015/1015
f 1047/1047/1047 1015/1015/1015 1014/1014/1014
f 1048/1048/1048 1049/1049/1049 1016/1016/1016
f 1048/1048/1048 1016/1016/1016 1015/1015/1015
f 1049/1049/1049 1050/1050/1050 1017/1017/1017
f 1049/1049/1049 1017/1017/1017 1016/1016/1016
f 1050/1050/1050 1051/1051/1051 1018/1018/1018
f 1050/1050/1050 1018/1018/1018 1017/1017/1017
f 1051/1051/1051 1052/1052/1052 1019/1019/1019
f 1051/1051/1051 1019/1019/1019 1018/1018/1018
f 1052/1052/1052 1053/1053/1053 1020/1020/1020
f 1052/1052/1052 1020/1020/1020 1019/1019/1019
f 1053/1053/1053 1054/1054/1054 1021/1021/1021
f 1053/1053/1053 1021/1021/1021 1020/1020/1020
f 1054/1054/1054 1055/1055/1055 1022/1022/1022
f 1054/1054/1054 1022/1022/1022 1021/1021/1021
f 1055/1055/1055 1056/1056/1056 1023/1023/1023
f 1055/1055/1055 1023/1023/1023 1022/1022/1022
f 1058/1058/1058 1057/1057/1057 1024/1024/1024
f 1058/1058/1058 1024/1024/1024 1025/1025/1025
f 1057/1057/1057 1059/1059/1059 1026/1026/1026
f 1057/1057/1057 1026/1026/1026 1024/1024/1024
f 1059/1059/1059 1060/1060/1060 1027/1027/1027
f 1059/1059/1059 1027/1027/1027 1026/1026/1026
f 1060/1060/1060 1061/1061/1061 1028/1028/1028
f 1060/1060/1060 1028/1028/1028 1027/1027/1027
f 1061/1061/1061 1062/1062/1062 1029/1029/1029
f 1061/1061/1061 1029/1029/1029 1028/1028/1028
f 1062/1062/1062 1063/1063/1063 1030/1030/1030
f 1062/1062/1062 1030/1030/1030 1029/1029/1029
f 1063/1063/1063 1064/1064/1064 1031/1031/1031
f 1063/1063/1063 1031/1031/1031 1030/1030/1030
f 1064/1064/1064 1065/1065/1065 1032/1032/1032
f 1064/1064/1064 1032/1032/1032 1031/1031/1031
f 1065/1065/1065 1066/1066/1066 1033/1033/1033
f 1065/1065/1065 1033/1033/1033 1032/1032/1032
f 1066/1066/1066 1067/1067/1067 1034/1034/1034
f 1066/1066/1066 1034/1034/1034 1033/1033/1033
f 1067/1067/1067 1068/1068/1068 1035/1035/1035
f 1067/1067/1067 1035/1035/1035 1034/1034/1034
f 1068/1068/1068 1069/1069/1069 1036/1036/1036
f 1068/1068/1068 1036/1036/1036 1035/1035/1035
f 1069/1069/1069 1070/1070/1070 1037/1037/1037
f 1069/1069/1069 1037/1037/1037 1036/1036/1036
f 1070/1070/1070 1071/1071/1071 1038/1038/1038
f 1070/1070/1070 1038/1038/1038 1037/1037/1037
f 1071/1071/1071 1072/1072/1072 1039/1039/1039
f 1071/1071/1071 1039/1039/1039 1038/1038/1038
f 1072/1072/1072 1073/1073/1073 1040/1040/1040
f 1072/1072/1072 1040/1040/1040 1039/1039/1039
f 1073/1073/1073 1074/1074/1074 1041/1041/1041
f 1073/1073/1073 1041/1041/1041 1040/1040/1040
f 1074/1074/1074 1075/1075/1075 1042/1042/1042
f 1074/1074/1074 1042/1042/1042 1041/1041/1041
f 1075/1075/1075 1076/1076/1076 1043/1043/1043
f 1075/1075/1075 1043/1043/1043 1042/1042/1042
f 1076/1076/1076 1077/1077/1077 1044/1044/1044
f 1076/1076/1076 1044/1044/1044 1043/1043/1043
f 1077/1077/1077 1078/1078/1078 1045/1045/1045
f 1077/1077/1077 1045/1045/1045 1044/1044/1044
f 1078/1078/1078 1079/1079/1079 1046/1046/1046
f 1078/1078/1078 1046/1046/1046 1045/1045/1045
f 1079/1079/1079 1080/1080/1080 1047/1047/1047
f 1079/1079/1079 1047/1047/1047 1046/1046/1046
f 1080/1080/1080 1081/1081/1081 1048/1048/1048
f 1080/1080/1080 1048/1048/1048 1047/1047/1047
f 1081/1081/1081 1082/1082/1082 1049/1049/1049
f 1081/1081/1081 1049/1049/1049 1048/1048/1048
f 1082/1082/1082 1083/1083/1083 1050/1050/1050
f 1082/1082/1082 1050/1050/1050 1049/1049/1049
f 1083/1083/1083 1084/1084/1084 1051/1051/1051
f 1083/1083/1083 1051/1051/1051 1050/1050/1050
f 1084/1084/1084 1085/1085/1085 1052/1052/1052
f 1084/1084/1084 1052/1052/1052 1051/1051/1051
f 1085/1085/1085 1086/1086/1086 1053/1053/1053
f 1085/1085/1085 1053/1053/1053 1052/1052/1052
f 1086/1086/1086 1087/1087/1087 1054/1054/1054
f 1086/1086/1086 1054/1054/1054 1053/1053/1053
f 1087/1087/1087 1088/1088/1088 1055/1055/1055
f 1087/1087/1087 1055/1055/1055 1054/1054/1054
f 1088/1088/1088 1089/1089/1089 1056/1056/1056
f 1088/1088/1088 1056/1056/1056 1055/1055/1055
f 1091/1091/1091 1090/1090/1090 1057/1057/1057
f 1091/1091/1091 1057/1057/1057 1058/1058/1058
f 1090/1090/1090 1092/1092/1092 1059/1059/1059
f 1090/1090/1090 1059/1059/1059 1057/1057/1057
f 1092/1092/1092 1093/1093/1093 1060/1060/1060
f 1092/1092/1092 1060/1060/1060 1059/1059/1059
f 1093/1093/1093 1094/1094/1094 1061/1061/1061
f 1093/1093/1093 1061/1061/1061 1060/1060/1060
f 1094/1094/1094 1095/1095/1095 1062/1062/1062
f 1094/1094/1094 1062/1062/1062 1061/1061/1061
f 1095/1095/1095 1096/1096/1096 1063/1063/1063
f 1095/1095/1095 1063/1063/1063 1062/1062/1062
f 1096/1096/1096 1097/1097/1097 1064/1064/1064
f 1096/1096/1096 1064/1064/1064 1063/1063/1063
f 1097/1097/1097 1098/1098/1098 1065/1065/1065
f 1097/1097/1097 1065/1065/1065 1064/1064/1064
f 1098/1098/1098 1099/1099/1099 1066/1066/1066
f 1098/1098/1098 1066/1066/1066 1065/1065/1065
f 1099/1099/1099 1100/1100/1100 1067/1067/1067
f 1099/1099/1099 1067/1067/1067 1066/1066/1066
f 1100/1100/1100 1101/1101/1101 1068/1068/1068
f 1100/1100/1100 1068/1068/1068 1067/1067/1067
f 1101/1101/1101 1102/1102/1102 1069/1069/1069
f 1101/1101/1101 1069/1069/1069 1068/1068/1068
f 1102/1102/1102 1103/1103/1103 1070/1070/1070
f 1102/1102/1102 1070/1070/1070 1069/1069/1069
f 1103/1103/1103 1104/1104/1104 1071/1071/1071
f 1103/1103/1103 1071/1071/1071 1070/1070/1070
f 1104/1104/1104 1105/1105/1105 1072/1072/1072
f 1104/1104/1104 1072/1072/1072 1071/1071/1071
f 1105/1105/1105 1106/1106/1106 1073/1073/1073
f 1105/1105/1105 1073/1073/1073 1072/1072/1072
f 1106/1106/1106 1107/1107/1107 1074/1074/1074
f 1106/1106/1106 1074/1074/1074 1073/1073/1073
f 1107/1107/1107 1108/1108/1108 1075/1075/1075
f 1107/1107/1107 1075/1075/1075 1074/1074/1074
f 1108/1108/1108 1109/1109/1109 1076/1076/1076
f 1108/1108/1108 1076/1076/1076 1075/1075/1075
f 1109/1109/1109 1110/1110/1110 1077/1077/1077
f 1109/1109/1109 1077/1077/1077 1076/1076/1076
f 1110/1110/1110 1111/1111/1111 1078/1078/1078
f 1110/1110/1110 1078/1078/1078 1077/1077/1077
f 1111/1111/1111 1112/1112/1112 1079/1079/1079
f 1111/1111/1111 1079/1079/1079 1078/1078/1078
f 1112/1112/1112 1113/1113/1113 1080/1080/1080
f 1112/1112/1112 1080/1080/1080 1079/1079/1079
f 1113/1113/1113 1114/1114/1114 1081/1081/1081
f 1113/1113/1113 1081/1081/1081 1080/1080/1080
f 1114/1114/1114 1115/1115/1115 1082/1082/1082
f 1114/1114/1114 1082/1082/1082 1081/1081/1081
f 1115/1115/1115 1116/1116/1116 1083/1083/1083
f 1115/1115/1115 1083/1083/1083 1082/1082/1082
f 1116/1116/1116 1117/1117/1117 1084/1084/1084
f 1116/1116/1116 1084/1084/1084 1083/1083/1083
f 1117/1117/1117 1118/1118/1118 1085/1085/1085
f 1117/1117/1117 1085/1085/1085 1084/1084/1084
f 1118/1118/1118 1119/1119/1119 1086/1086/1086
f 1118/1118/1118 1086/1086/1086 1085/1085/1085
f 1119/1119/1119 1120/1120/1120 1087/1087/1087
f 1119/1119/1119 1087/1087/1087 1086/1086/1086
f 1120/1120/1120 1121/1121/1121 1088/1088/1088
f 1120/1120/1120 1088/1088/1088 1087/1087/1087
f 1121/1121/1121 1122/1122/1122 1089/1089/1089
f 1121/1121/1121 1089/1089/1089 1088/1088/1088
f 1123/1123/1123 1124/1124/1124 1125/1125/1125
f 1123/1123/1123 1125/1125/1125 1126/1126/1126
f 1127/1127/1127 1128/1128/1128 1129/1129/1129
f 1127/1127/1127 1129/1129/1129 1130/1130/1130
f 1131/1131/1131 1132/1132/1132 1133/1133/1133
f 1131/1131/1131 1133/1133/1133 1134/1134/1134
f 1135/1135/1135 1136/1136/1136 1137/1137/1137
f 1135/1135/1135 1137/1137/1137 1138/1138/1138
f 1139/1139/1139 1140/1140/1140 1141/1141/1141
f 1139/1139/1139 1141/1141/1141 1142/1142/1142
f 1143/1143/1143 1144/1144/1144 1145/1145/1145
f 1143/1143/1143 1145/1145/1145 1146/1146/1146
f 1147/1147/1147 1148/1148/1148 1149/1149/1149
f 1147/1147/1147 1149/1149/1149 1150/1150/1150
f 1151/1151/1151 1152/1152/1152 1153/1153/1153
f 1151/1151/1151 1153/1153/1153 1154/1154/1154
f 1155/1155/1155 1156/1156/1156 1157/1157/1157
f 1155/1155/1155 1157/1157/1157 1158/1158/1158
f 1159/1159/1159 1160/1160/1160 1161/1161/1161
f 1159/1159/1159 1161/1161/1161 1162/1162/1162
f 1163/1163/1163 1164/1164/1164 1165/1165/1165
f 1163/1163/1163 1165/1165/1165 1166/1166/1166
f 1167/1167/1167 1168/1168/1168 1169/1169/1169
f 1167/1167/1167 1169/1169/1169 1170/1170/1170
f 1171/1171/1171 1172/1172/1172 1173/1173/1173
f 1171/1171/1171 1173/1173/1173 1174/1174/1174
f 1175/1175/1175 1176/1176/1176 1177/1177/1177
f 1175/1175/1175 1177/1177/1177 1178/1178/1178
f 1179/1179/1179 1180/1180/1180 1181/1181/1181
f 1179/1179/1179 1181/1181/1181 1182/1182/1182
f 1183/1183/1183 1184/1184/1184 1185/1185/1185
f 1183/1183/1183 1185/1185/1185 1186/1186/1186
f 1187/1187/1187 1188/1188/1188 1189/1189/1189
f 1187/1187/1187 1189/1189/1189 1190/1190/1190
f 1191/1191/1191 1192/1192/1192 1193/1193/1193
f 1191/1191/1191 1193/1193/1193 1194/1194/1194
f 1195/1195/1195 1196/1196/1196 1197/1197/1197
f 1195/1195/1195 1197/1197/1197 1198/1198/1198
f 1199/1199/1199 1200/1200/1200 1201/1201/1201
f 1199/1199/1199 1201/1201/1201 1202/1202/1202
f 1203/1203/1203 1204/1204/1204 1205/1205/1205
f 1203/1203/1203 1205/1205/1205 1206/1206/1206
f 1207/1207/1207 1208/1208/1208 1209/1209/1209
f 1207/1207/1207 1209/1209/1209 1210/1210/1210
f 1211/1211/1211 1212/1212/1212 1213/1213/1213
f 1211/1211/1211 1213/1213/1213 1214/1214/1214
f 1215/1215/1215 1216/1216/1216 1217/1217/1217
f 1215/1215/1215 1217/1217/1217 1218/1218/1218
f 1219/1219/1219 1220/1220/1220 1221/1221/1221
f 1219/1219/1219 1221/1221/1221 1222/1222/1222
f 1223/1223/1223 1224/1224/1224 1225/1225/1225
f 1223/1223/1223 1225/1225/1225 1226/1226/1226
f 1227/1227/1227 1228/1228/1228 1229/1229/1229
f 1227/1227/1227 1229/1229/1229 1230/1230/1230
f 1231/1231/1231 1232/1232/1232 1233/1233/1233
f 1231/1231/1231 1233/1233/1233 1234/1234/1234
f 1235/1235/1235 1236/1236/1236 1237/1237/1237
f 1235/1235/1235 1237/1237/1237 1238/1238/1238
f 1239/1239/1239 1240/1240/1240 1241/1241/1241
f 1239/1239/1239 1241/1241/1241 1242/1242/1242
f 1243/1243/1243 1244/1244/1244 1245/1245/1245
f 1243/1243/1243 1245/1245/1245 1246/1246/1246
f 1247/1247/1247 1248/1248/1248 1249/1249/1249
f 1247/1247/1247 1249/1249/1249 1250/1250/1250
